date,tavg,tmin,tmax,prcp,snow,wdir,wspd,wpgt,pres,tsun
2020-01-01,5.3,1.7,6.8,0,,127.2,7,20.4,1029.3,
2020-01-02,8.7,6.2,10.8,0,,188.6,18.4,40.8,1020.4,
2020-01-03,8.6,4.8,10.7,1.5,,269.8,17.9,38.9,1021.4,
2020-01-04,6.4,2.2,8.8,0.5,,248.8,14.8,31.5,1034.2,
2020-01-05,7.8,6.5,9,0,,224.6,16.1,29.6,1033.2,
2020-01-06,7.7,6.7,8.7,0,,207.3,19.1,38.9,1022.2,
2020-01-07,9.3,4.1,12.8,0.8,,208.4,19.4,42.6,1021.8,
2020-01-08,11.4,9.6,12.3,0.3,,224.2,16.5,37,1020.6,
2020-01-09,11.1,6.4,13.1,1,,207.6,23.5,46.3,1006.9,
2020-01-10,6.3,5.1,8.5,4.3,,274.7,13.6,27.8,1023.1,
2020-01-11,9.3,4.9,10.8,0,,203.8,27.9,55.5,1024.2,
2020-01-12,9.4,6,11.2,0.5,,222.7,25.3,51.8,1018.2,
2020-01-13,8.2,4.5,11.2,0.3,,186.5,22.8,55.5,1008,
2020-01-14,10.2,7.5,13.3,6.1,,197.9,30.3,66.7,996,
2020-01-15,8.4,6.5,12.6,9.9,,218,22,53.7,1006.7,
2020-01-16,9.2,5.2,12.3,3,,168.8,20.1,48.2,1014.4,
2020-01-17,7.6,2.5,10.6,4.6,,220.7,19.9,46.3,1012.5,
2020-01-18,3.9,0.9,7.8,1,,284,9.2,24.1,1027.9,
2020-01-19,3.2,-0.7,7.5,0,,308.3,4.1,16.7,1044.3,
2020-01-20,3.1,-0.3,8.2,0.3,,269.8,5.3,14.8,1047.7,
2020-01-21,2.3,-2.1,7.9,0,,270.3,6.1,14.8,1041.9,
2020-01-22,5.6,0.6,8.1,0,,8.6,4.4,22.2,1037.6,
2020-01-23,7.4,6.7,8,0.3,,58.5,6.2,20.4,1031.5,
2020-01-24,6.4,5.9,6.9,0,,274.2,5.9,14.8,1023.3,
2020-01-25,6.1,5.6,6.7,0,,160,11,24.1,1018.5,
2020-01-26,8.3,5.7,10.5,0.3,,180.7,16.5,37,1009.6,
2020-01-27,7.4,5.5,9.6,2.8,,203,15.4,29.6,999.8,
2020-01-28,4.7,2.3,7.4,8.9,,246.6,25.1,50,996,
2020-01-29,6.1,2.3,9.4,0,,233.4,21.4,40.8,1009,
2020-01-30,10.1,6.9,13,0,,212.4,19,44.5,1004.4,
2020-01-31,10.7,8.6,12.4,0.3,,221.9,24.5,48.2,1006.1,
2020-02-01,10.1,7.2,12.4,1.5,,237.5,27.3,61.1,1004.9,
2020-02-02,10.4,6.3,13.3,7.9,,220.7,22.5,53.7,1007.5,
2020-02-03,9.2,5.6,11.7,0.5,,257.7,24.7,46.3,1012.6,
2020-02-04,6.9,3.9,9.3,0.3,,287,20.1,46.3,1022.5,
2020-02-05,4.9,1.9,9.3,0,,339.1,2.5,16.7,1036.6,
2020-02-06,3.6,-0.3,8.8,0,,23.8,2.8,18.5,1031.6,
2020-02-07,5.5,0.7,9.6,0,,118.7,14,35.2,1019.4,
2020-02-08,9.1,7.7,10.7,1.5,,206.9,19.4,46.3,1014.6,
2020-02-09,10.5,7.5,13.2,0,,216.5,46.8,94,994.4,
2020-02-10,7,3.6,9.6,12.7,,248,39.2,96,997.4,
2020-02-11,5.4,3.4,8.4,3.6,,251.6,32.9,68.5,1007.9,
2020-02-12,5.4,2.2,9,0,,232.6,23.3,46.3,1014.2,
2020-02-13,7.3,5.6,9.8,10.4,,227.3,20.4,42.6,998.8,
2020-02-14,7.4,1.8,11.8,1.5,,206,17.9,44.5,1016.5,
2020-02-15,11.6,9.8,12.8,3.3,,196.7,33,72.2,1006.3,
2020-02-16,10,5.9,13.1,8.1,,220.2,35.7,74.1,996,
2020-02-17,7.9,5.3,11.4,12.7,,236.3,32.1,55.5,1009.6,
2020-02-18,6.9,4.3,11.4,0.3,,248.9,19.9,55.5,1018.1,
2020-02-19,6.4,2.6,9.2,2.3,,233.9,18,38.9,1018.8,
2020-02-20,7.8,4.1,10.1,1.3,,231.5,27.5,61.1,1011.9,
2020-02-21,7.8,3.7,10.7,4.8,,230.4,30,55.5,1022.4,
2020-02-22,11,9.2,14.3,0,,240.8,35.3,63,1018.3,
2020-02-23,11,7.9,14.1,0.5,,258.8,27.1,63,1017,
2020-02-24,9.5,5.7,12.2,3.3,,212,26,57.4,1010.5,
2020-02-25,5.9,2.8,8.4,2.3,,247.1,24.8,46.3,1000.4,
2020-02-26,4.6,1,8.8,1,,265.5,20.3,42.6,1003.9,
2020-02-27,4.5,1.9,8.1,3.8,,303.7,15.9,46.3,1003.8,
2020-02-28,6.4,0,11.7,5.1,,187.4,22,50,1005.6,
2020-02-29,7.5,4.2,11.2,5.6,,221.9,32,61.1,986.4,
2020-03-01,6.6,4.4,10.1,7.1,,223.5,27.8,51.8,988.8,
2020-03-02,5.7,3.8,10.1,5.1,,293.1,14.1,33.3,990.4,
2020-03-03,5.1,1.4,10.1,0.3,,247.3,14.8,37,1002.5,
2020-03-04,4.7,-0.1,8,0.8,,127.1,9.2,24.1,1007.4,
2020-03-05,5.7,5,6.1,5.6,,23.1,16.4,38.9,995.1,
2020-03-06,5.7,2.4,9.8,10.2,,300.4,9.8,25.9,1005.3,
2020-03-07,7.8,1.8,12.7,0,,219.1,18.8,48.2,1015,
2020-03-08,9.9,6.1,13.2,0.5,,225.4,27.6,57.4,1006.1,
2020-03-09,7.7,4.5,10.7,2.3,,235.6,21.8,44.5,1011.1,
2020-03-10,12.7,6.3,15,7.6,,246.2,30.6,57.4,1005,
2020-03-11,11.1,7.9,15.4,0,,232.1,24.8,51.8,1008.5,
2020-03-12,7.6,4.4,10.9,1.8,,247.2,33,59.3,1010.1,
2020-03-13,8.3,5.4,12.8,1.5,,246.8,19.5,42.6,1017.4,
2020-03-14,9.4,6.5,12.7,2.8,,185.5,19.8,37,1013.7,
2020-03-15,9.4,6.7,11.8,0.8,,221.1,19.5,44.5,1008.6,
2020-03-16,7.6,3.5,12.6,2.3,,274.1,10.3,29.6,1021.1,
2020-03-17,9.1,4.4,13.1,0,,210.4,19.2,40.8,1027.2,
2020-03-18,11.6,9.4,15,0,,220.9,19.2,37,1024.7,
2020-03-19,7.2,6,8.1,0.8,,42.9,13.5,27.8,1026.2,
2020-03-20,7.2,6,10.1,0.8,,46.7,19.7,40.8,1028.5,
2020-03-21,6.4,3.8,10.3,0,,65.4,21,55.5,1026.4,
2020-03-22,6.8,3.3,10.9,0,,52.3,14.4,40.8,1026.5,
2020-03-23,6.6,2.5,13.7,0,,89.5,14.1,33.3,1026.6,
2020-03-24,8.1,0.4,15.1,0,,133.2,10.5,31.5,1025.7,
2020-03-25,7.1,0.3,13.8,0,,59.5,7.4,27.8,1024.5,
2020-03-26,6.7,1.1,13.8,0,,36.8,11.8,31.5,1023.3,
2020-03-27,7.3,1.4,13.9,0,,28,14.5,35.2,1023.9,
2020-03-28,7.1,4.5,11.8,0,,24.2,17.6,48.2,1029,
2020-03-29,4.9,2,8.1,0,,,,,1037.5,
2020-03-30,5.7,2,10.2,0,,11.8,13,33.3,1034.9,
2020-03-31,5.9,2.6,10.1,0,,47.4,13.6,31.5,1031.5,
2020-04-01,5.2,-0.9,9.2,0,,317.3,6.2,18.5,1024.4,
2020-04-02,9,5.4,13.3,0,,273.2,15.3,33.3,1016.3,
2020-04-03,9.6,7.2,13.8,0,,268.7,8.5,22.2,1017.6,
2020-04-04,9.4,3.3,16.1,0,,164.3,10.8,35.2,1020.1,
2020-04-05,14,6.6,21.2,0,,133.3,19.4,44.5,1014,
2020-04-06,12.9,10.5,17.3,0.5,,235.8,14.2,33.3,1016.7,
2020-04-07,12.4,4.5,19.3,0.3,,72.3,7.6,25.9,1028.4,
2020-04-08,14.7,9.8,21.9,0,,63.3,8.4,20.4,1024.7,
2020-04-09,15,8.5,22.8,0,,63.5,11.7,33.3,1024.6,
2020-04-10,15,8.8,24.2,0,,74.6,11.5,29.6,1024.6,
2020-04-11,16.4,9,24.7,0,,31.6,8.1,22.2,1022.1,
2020-04-12,16.8,9.5,24,0,,192.6,8.2,27.8,1014.7,
2020-04-13,9,5.3,12.3,0,,42.2,21.5,46.3,1024.8,
2020-04-14,7.9,3.3,13.1,0,,69.7,10.9,25.9,1028.6,
2020-04-15,10.3,2.5,18.6,0,,85.4,8.1,25.9,1022.7,
2020-04-16,12.3,4.6,19.4,0,,63.1,9,24.1,1016.2,
2020-04-17,10.7,8.5,14.5,0,,67.3,16.8,40.8,1016.7,
2020-04-18,9.9,6.4,15.7,16,,46.2,9.2,27.8,1017.7,
2020-04-19,11.7,6.2,18.1,1,,38.5,12.5,35.2,1020.1,
2020-04-20,12,5.6,18.5,0,,50.1,19.3,48.2,1017.5,
2020-04-21,13.3,8.2,18.8,0,,51.1,17.3,42.6,1016.6,
2020-04-22,14.1,7.1,21.1,0,,44.8,13.1,35.2,1019.3,
2020-04-23,14.8,6.6,23.4,0,,42.6,8.1,24.1,1019.4,
2020-04-24,14.2,7.8,21.4,0,,41.9,7.8,22.2,1016,
2020-04-25,10.9,6.8,16.4,0,,87,11.9,24.1,1015.2,
2020-04-26,12.8,4.4,20.5,0,,180.9,6.9,24.1,1012.2,
2020-04-27,12.8,7,18.6,0,,255.4,8,24.1,1007.6,
2020-04-28,8.4,7.4,11,3.3,,57.8,13.8,29.6,1004.7,
2020-04-29,10.3,7.2,14.1,11.4,,194.5,13.6,35.2,1001.8,
2020-04-30,9.3,6.5,12.6,1.8,,200.3,19,50,995.1,
2020-05-01,10.6,7.4,14.4,4.3,,251.2,19,44.5,999.2,
2020-05-02,11.8,5.7,16.7,0.3,,274,13.3,29.6,1010.3,
2020-05-03,11.9,8.6,15.1,0,,152.9,7.8,16.7,1015.8,
2020-05-04,12.7,9.3,17.2,0.3,,71.1,12.3,35.2,1019.2,
2020-05-05,10.9,7.9,14.8,0,,71.5,20.4,42.6,1021.1,
2020-05-06,11.6,5,17.7,0,,65.8,12,29.6,1025.2,
2020-05-07,14.9,5.9,22.4,0,,143.9,9.5,27.8,1022.8,
2020-05-08,17.6,10,23.7,0,,222.4,5,20.4,1017.9,
2020-05-09,17.8,10.5,24.5,0,,81.1,11.1,29.6,1012.6,
2020-05-10,12.3,7.2,18,0,,24.1,18.7,48.2,1010.6,
2020-05-11,8.3,4.7,12.1,0,,29.6,23.5,55.5,1019.6,
2020-05-12,9.4,2.5,15.3,0,,331,6.3,18.5,1021,
2020-05-13,9.3,6.3,12.3,0,,13.4,14.6,38.9,1017.5,
2020-05-14,8.7,3,14.1,0,,33.4,12.7,29.6,1022.7,
2020-05-15,11.6,3.5,18.3,0,,305.6,6.1,22.2,1024,
2020-05-16,13.1,7.6,18.2,0,,289.2,7.9,24.1,1024.4,
2020-05-17,14.3,7.7,20.2,0,,268.2,12.5,29.6,1023.9,
2020-05-18,16.7,10.2,23.9,0,,261.1,16.8,38.9,1023.6,
2020-05-19,18.4,11.6,26,0,,263.4,13,27.8,1023.2,
2020-05-20,20.1,13.4,27.2,0,,217.6,10.2,33.3,1021.3,
2020-05-21,20.1,13.3,27.3,0,,238.6,8.9,27.8,1018.9,
2020-05-22,18.4,14.3,23.2,0,,224.3,24.6,51.8,1015.1,
2020-05-23,14.6,11.3,19.9,0,,246.3,31.7,61.1,1022.2,
2020-05-24,16.6,10.6,21.2,1.5,,275.9,17.8,38.9,1030.1,
2020-05-25,18.3,10.6,25.8,0,,279.5,7.9,25.9,1034.3,
2020-05-26,19.6,12,25.9,0,,299.2,6.4,22.2,1035.3,
2020-05-27,19.8,13.7,26.3,0,,19.7,8.6,25.9,1035.1,
2020-05-28,16.6,11.6,22.1,0,,77.9,15.7,37,1033.9,
2020-05-29,17.4,11,24.3,0,,75.1,13.8,33.3,1027.8,
2020-05-30,17.7,9.9,25.2,0,,66,13.6,37,1023.2,
2020-05-31,18.6,12.5,24.7,0,,66.3,17.9,40.8,1022.4,
2020-06-01,19.1,11.3,25.9,0,,51.6,12.1,29.6,1022.4,
2020-06-02,19.1,12.5,24.7,0,,353.2,7.4,20.4,1019,
2020-06-03,15.6,13.5,19.1,0,,356.1,10.2,27.8,1008.8,
2020-06-04,12.6,10.5,16.1,0.5,,331.8,13.1,25.9,1003.7,
2020-06-05,13,11,16.4,0,,281.6,20.4,44.5,997.1,
2020-06-06,10.4,7.3,13.3,1.5,,257.3,23.3,51.8,999.2,
2020-06-07,12.6,8.2,18.2,9.9,,305.3,10.9,22.2,1008.9,
2020-06-08,13.4,10.4,16,2,,19,10.3,24.1,1018.6,
2020-06-09,15.1,10.6,19.6,0,,83.6,8,22.2,1020.1,
2020-06-10,13.1,11.2,15.6,0,,176.9,12.5,27.8,1015.4,
2020-06-11,14.6,10.9,21.4,5.1,,52.3,15.2,37,1011.5,
2020-06-12,16.6,13.7,21.1,0.8,,66.7,16.9,37,1005.6,
2020-06-13,18,12.3,24.2,2.3,,94.7,14.5,42.6,1008.1,
2020-06-14,18.1,12.9,22.5,1.5,,147.4,11.3,29.6,1013.8,
2020-06-15,17.2,12.2,25,0,,234.5,8,25.9,1016.1,
2020-06-16,18.1,13.5,22.8,1,,200.7,9.7,22.2,1014.2,
2020-06-17,17.6,12.8,22,0.3,,287.2,5.5,20.4,1012.4,
2020-06-18,15.6,13.8,18,11.2,,201.4,11.6,31.5,1010.3,
2020-06-19,15.8,13.4,19.6,9.9,,200.9,19.3,38.9,1014,
2020-06-20,16.9,11.8,22.2,0.5,,196.8,14.6,35.2,1019.3,
2020-06-21,17.2,14.1,23.2,0.5,,228.4,19.4,38.9,1016.9,
2020-06-22,17.3,10.5,23.6,0.5,,222.6,14.9,35.2,1024.6,
2020-06-23,21.1,11.8,28,0,,162.4,10.2,29.6,1023.5,
2020-06-24,24.4,16.7,32.5,0,,77.1,14,35.2,1020,
2020-06-25,25.7,18.3,32.5,0,,72,12.2,33.3,1015.3,
2020-06-26,23.3,16.4,30.7,0,,176.2,14.9,38.9,1009,
2020-06-27,17.2,15.4,21.4,3.3,,196.5,23.9,53.7,1005.2,
2020-06-28,16.1,12.4,22,0.8,,238.4,26.2,53.7,1009.3,
2020-06-29,15.4,12.3,21.7,1.8,,240.9,28.1,57.4,1009.9,
2020-06-30,16.2,12.8,18.7,0,,224.2,18.8,35.2,1007.4,
2020-07-01,17.2,14.4,20.8,0.5,,240,19.1,37,1005.6,
2020-07-02,16.2,11.9,21.7,2,,256.7,16.2,33.3,1011.1,
2020-07-03,16.4,12.2,22.5,2.3,,236.4,23.8,48.2,1015.8,
2020-07-04,17.9,14.5,21.4,3,,225.9,21.9,44.5,1011.1,
2020-07-05,17.9,14.1,23,0,,247.9,34.5,59.3,1010.8,
2020-07-06,15.8,11.5,19.3,0,,282.2,18.9,40.8,1019,
2020-07-07,15.6,11.4,21.1,0,,263.9,10.3,35.2,1020.3,
2020-07-08,16.7,13.2,19.4,7.9,,242,13.5,27.8,1014.8,
2020-07-09,17.4,15.2,20.1,2.5,,246.1,14.7,33.3,1011.8,
2020-07-10,15.4,12.4,18.5,2.8,,313.3,13.8,31.5,1017.5,
2020-07-11,15.5,8.9,20.9,0,,310.3,10.8,27.8,1026.3,
2020-07-12,17.9,10.2,24.5,0,,171.3,7.2,25.9,1027.8,
2020-07-13,18.9,12.9,26.2,0,,255.6,12.2,33.3,1023.2,
2020-07-14,17.8,15.3,21.4,1.3,,319.7,8.8,22.2,1016.5,
2020-07-15,16.3,13.5,19.4,0,,287.1,11.1,27.8,1016.1,
2020-07-16,19.3,16,23,0,,302.3,11.6,24.1,1019.7,
2020-07-17,21.7,17.2,28.1,0,,271.8,12.3,31.5,1020.6,
2020-07-18,19.5,15.2,25.1,0,,263.8,15.7,35.2,1018.4,
2020-07-19,17.3,14.2,20.8,0.3,,346.7,9.8,22.2,1017.8,
2020-07-20,16.8,10.5,22.1,0.5,,341.6,7.1,24.1,1022.9,
2020-07-21,17.1,10.5,22.1,0,,359.6,7.3,20.4,1025.9,
2020-07-22,19.7,14,26.1,0,,216.4,12,31.5,1023.5,
2020-07-23,19.4,13.3,25.7,0,,227.7,16,35.2,1016.4,
2020-07-24,20,16.1,25.3,0,,238.6,16.5,33.3,1012.4,
2020-07-25,18.2,15.2,22.3,0,,216.5,18,40.8,1007.8,
2020-07-26,17,12.5,22.1,7.6,,237.2,16.4,40.8,1010.4,
2020-07-27,17.4,15.6,20.9,2.5,,196.8,20.8,48.2,1007.8,
2020-07-28,16.4,12.4,20.5,2.3,,290.4,14.1,37,1013.9,
2020-07-29,17.2,9.5,23.5,0,,257.9,10.3,25.9,1020,
2020-07-30,21.7,12.9,29.1,0,,185.8,9.3,27.8,1018.1,
2020-07-31,25.8,16.5,36.9,0,,104.7,14.3,44.5,1011.7,
2020-08-01,20.8,15.8,27,0,,257.3,18.7,35.2,1014.9,
2020-08-02,18.2,11.6,25.4,0,,265.7,16.7,37,1016.4,
2020-08-03,18.2,13.8,22.5,0,,318.6,10.4,25.9,1015.8,
2020-08-04,17.6,11,24,0,,244.5,13,37,1016.1,
2020-08-05,20.3,15.6,26,0,,205.2,22.5,48.2,1013,
2020-08-06,23.1,18.3,28.9,0,,201.5,12.1,29.6,1016.7,
2020-08-07,25.8,16,36.3,0,,6.1,5.5,29.6,1017.8,
2020-08-08,25.3,20.7,32.8,0,,5.4,9.6,29.6,1018.8,
2020-08-09,24.3,17.4,33,0,,50.4,11,29.6,1017.8,
2020-08-10,26.6,18.7,35.5,0,,72.1,11.8,29.6,1013.9,
2020-08-11,28.2,21.8,35.3,0,,83.6,6.4,25.9,1014,
2020-08-12,26.9,21.7,35.3,0,,85.8,7.7,29.6,1013,
2020-08-13,22.5,19.2,27.8,0.5,,24.3,10,24.1,1012.3,
2020-08-14,18.4,17.3,19.5,2.8,,1.7,7.5,20.4,1013.8,
2020-08-15,18.2,16.6,19.4,0.8,,358.7,6.3,20.4,1014.6,
2020-08-16,20.4,18.2,24.6,0,,188.3,6.8,25.9,1010.8,
2020-08-17,18.5,15,24.2,0.8,,222.1,10.1,31.5,1007.9,
2020-08-18,19.7,16.3,24.8,3.3,,207.5,15.1,37,1008.9,
2020-08-19,18.3,14.8,20.3,3.3,,138.7,13.8,37,1003.7,
2020-08-20,20.4,16,25.1,13.2,,190,17.2,40.8,1002.6,
2020-08-21,20.1,17.5,23.9,0,,202.5,33.2,64.8,1003.2,
2020-08-22,18.8,16.5,24.4,0,,228.7,27.8,53.7,1011.6,
2020-08-23,17.7,14.7,23.6,0.3,,249.6,22.4,38.9,1016.2,
2020-08-24,17,13.7,23.6,0,,237.4,13.5,29.6,1015.4,
2020-08-25,17.8,15.6,22.4,11.4,,192.6,30.2,72.2,1002,
2020-08-26,17.8,15.4,21.5,3,,264.2,26.6,63,1011.5,
2020-08-27,15.2,12.9,18,0,,203.6,12,27.8,1011.2,
2020-08-28,14.6,11.5,18.8,11.7,,268.6,11.3,37,1001.1,
2020-08-29,13.1,11.2,15.6,6.9,,335.4,17.3,37,1008.4,
2020-08-30,13.9,11.6,17.3,0.5,,2,14.1,29.6,1017.3,
2020-08-31,13.2,8.6,17.9,0,,353.4,4.6,14.8,1021.9,
2020-09-01,14,6.6,20.2,0,,335.3,4.5,16.7,1020.8,
2020-09-02,14.6,9.3,20,0,,215.6,10,31.5,1019.1,
2020-09-03,18.3,15.4,22.2,1,,226.7,21.2,38.9,1015.8,
2020-09-04,15.8,12.5,20.1,1.5,,251.6,16.2,31.5,1020.8,
2020-09-05,14.1,9.5,19.5,0.5,,284,11.2,29.6,1021.1,
2020-09-06,14.8,10.3,20.5,0,,260.9,8.3,22.2,1020.9,
2020-09-07,15.7,9.9,21,0,,263.3,13.3,37,1023.1,
2020-09-08,19.5,16.2,24.6,0,,252.5,14.1,27.8,1024.2,
2020-09-09,17.5,14.7,22,0,,291.2,10.4,27.8,1023.2,
2020-09-10,14.8,9.4,20.3,0,,9,5.5,18.5,1023.4,
2020-09-11,14.4,8.7,19.7,0,,247,10.4,33.3,1017.4,
2020-09-12,16.9,12.3,22.1,0.3,,238.7,16.4,31.5,1019.2,
2020-09-13,18.3,12.8,25.1,0,,213.4,13.5,29.6,1023.3,
2020-09-14,19.9,11.3,29,0,,80.3,7.3,24.1,1021.6,
2020-09-15,21.9,15.1,28.5,0,,0.9,7.1,22.2,1017.9,
2020-09-16,21.1,17.1,26.1,0,,19,11.7,29.6,1023.3,
2020-09-17,16.6,12.8,22.2,0,,55.4,17.1,33.3,1028.2,
2020-09-18,15.9,9.7,21.3,0,,46.7,15.5,37,1022.9,
2020-09-19,18.3,12.6,25.1,0,,41.8,15.9,38.9,1017.5,
2020-09-20,18.6,13.7,24.7,0,,35.5,12.7,29.6,1018.5,
2020-09-21,17.8,13.8,24.5,0,,16.6,6.3,18.5,1017.6,
2020-09-22,18,12.2,24.7,0,,230.7,10.6,38.9,1010,
2020-09-23,15.5,10.5,18.3,1,,215,18.2,40.8,1000.5,
2020-09-24,10.7,8.3,16.2,7.1,,201.7,14,40.8,996.3,
2020-09-25,10.8,6.4,15,3.3,,308,22.1,51.8,1001.9,
2020-09-26,10.4,6.6,13.6,0.3,,315.4,20.1,38.9,1011.3,
2020-09-27,12.3,10.6,14.5,0,,336.2,17.6,40.8,1012.7,
2020-09-28,13.2,7.9,17.8,0,,282.6,11.2,24.1,1013.6,
2020-09-29,15.8,13.7,18.7,1.8,,256.7,8.3,22.2,1015,
2020-09-30,13.9,10.3,17.3,0.3,,177.9,13.5,40.8,1007.8,
2020-10-01,12.2,10.1,15.9,3.3,,244.2,12.4,33.3,997.6,
2020-10-02,12.2,9.8,13.5,3.6,,64,19.5,48.2,988.2,
2020-10-03,13.5,10.6,15.2,30,,167.7,15.1,35.2,986.2,
2020-10-04,9.8,8.8,11.1,30.5,,246.4,19.5,46.3,982.4,
2020-10-05,12.8,9.3,17.6,5.1,,255.8,20,38.9,994.6,
2020-10-06,13.1,10.8,17.3,3.3,,247.8,20,48.2,998,
2020-10-07,12.4,8.2,16.8,0,,251.3,17.4,35.2,1012.2,
2020-10-08,14.7,10,18,3.6,,255.5,18.2,46.3,1011.6,
2020-10-09,9.6,6.5,14.1,0.5,,310.5,5,33.3,1018.8,
2020-10-10,9.4,4.8,13.4,1.8,,0,0,37,1022.5,
2020-10-11,10.7,8.4,14.1,0,,0,0,24.1,1025.1,
2020-10-12,9.7,6.2,13,0,,0,0,24.1,1019.9,
2020-10-13,9.3,6.2,11.7,3.8,,6.4,3.9,29.6,1010.6,
2020-10-14,10.6,8,14.4,2.3,,30.4,12.8,31.5,1020.2,
2020-10-15,9.6,7.7,12.6,1.8,,9.9,12.2,29.6,1024.5,
2020-10-16,10,7.3,13.1,1,,20.2,7.8,24.1,1024.8,
2020-10-17,10.4,9.2,12.4,0,,9.8,6.2,14.8,1022.8,
2020-10-18,9.7,6.5,12.7,0,,282.2,4.5,14.8,1023.8,
2020-10-19,11.7,7.5,15.9,0,,142.4,14.5,35.2,1015.6,
2020-10-20,14.9,12,18.6,1.5,,169.8,18.4,40.8,1001.6,
2020-10-21,14.4,13.5,15.7,4.3,,143.3,12.3,38.9,996.7,
2020-10-22,13.1,11.4,16.7,13.5,,231.5,15.7,37,1007.7,
2020-10-23,12.2,8.7,15.6,0,,206.5,14.5,35.2,1008.5,
2020-10-24,12.3,7.9,16.2,0,,186.1,20.4,57.4,1002.5,
2020-10-25,9.6,7.3,12.6,20.8,,195,13.8,38.9,996.4,
2020-10-26,9.4,6.4,13,0.8,,225.1,14.7,37,997.9,
2020-10-27,9.7,4.9,13.6,0.5,,209.5,15.5,40.8,998.4,
2020-10-28,9.8,7.9,13.4,1.3,,219.9,19.7,44.5,1002.5,
2020-10-29,11.9,7.5,14.8,1.8,,222.4,20.4,46.3,1011.9,
2020-10-30,15.1,14.2,16.1,3.3,,224.9,19.3,46.3,1016.1,
2020-10-31,13.1,10.3,15.1,0.3,,196.8,20.9,53.7,1011.6,
2020-11-01,14.5,10.2,17.2,7.1,,202.8,22.3,61.1,1003.3,
2020-11-02,13.9,7.4,17.1,0.5,,239.8,29.8,61.1,1005.1,
2020-11-03,7.9,4,10.5,3.3,,235.1,17.9,44.5,1018.9,
2020-11-04,5.9,1,11.3,2.3,,289.6,3.8,16.7,1033.5,
2020-11-05,4.8,1.8,10.6,0,,213.3,3.8,13,1038.6,
2020-11-06,6.3,1.5,11.4,0.3,,57.7,9.3,29.6,1029.1,
2020-11-07,9.3,4.3,15,0.3,,43.7,4.6,22.2,1020.2,
2020-11-08,11.9,8.6,14.1,0.3,,0,0,16.7,1018.2,
2020-11-09,12.9,9.9,16,2,,10.2,1.8,24.1,1019.3,
2020-11-10,12,8.7,15.4,6.9,,187.7,4.6,20.4,1023.1,
2020-11-11,11.3,6.1,13.2,0,,151.9,16.1,40.8,1017.3,
2020-11-12,10.7,9.2,13.1,6.6,,214.1,18.7,38.9,1013.4,
2020-11-13,10.7,9.4,12.6,0,,195.9,13.9,31.5,1012,
2020-11-14,12.4,8.4,13.9,1.5,,172,15.2,53.7,1007,
2020-11-15,10.8,7.4,13.5,17,,208,21.2,51.8,996.3,
2020-11-16,10.8,7.3,13,6.4,,233.5,23.2,40.8,1012.4,
2020-11-17,12.8,10.7,14.5,0.8,,272.5,11.1,38.9,1020.5,
2020-11-18,11.9,8.2,15.9,0,,202.1,20,46.3,1016.5,
2020-11-19,7.8,3.5,9.9,0.5,,284.1,18,50,1026.2,
2020-11-20,6.2,0.8,10.9,0.3,,213.8,9.4,33.3,1033.1,
2020-11-21,11.1,9.5,12.3,1,,227.9,23.6,42.6,1026.7,
2020-11-22,9.2,6.5,11.3,0.3,,277.7,8.4,29.6,1026.6,
2020-11-23,6.3,2,9.9,0.3,,215.2,7.1,25.9,1027,
2020-11-24,10.3,7.9,11.9,0,,178.9,13.6,33.3,1017.1,
2020-11-25,9.8,4.9,12.9,1.5,,212.7,11,25.9,1013.1,
2020-11-26,6.1,2.6,8.7,0,,1,3.8,14.8,1021.1,
2020-11-27,3,-1.3,6.4,0,,356.7,5.5,22.2,1019.2,
2020-11-28,8.7,5.1,10,0.3,,62.7,8.5,22.2,1018.5,
2020-11-29,7.8,6.3,9.1,0,,20.4,6.6,18.5,1025.9,
2020-11-30,7,4.4,10.2,0,,266.6,14.7,33.3,1024.2,
2020-12-01,5.1,3,7.8,0,,321.2,9.5,25.9,1025.5,
2020-12-02,4.8,2.1,6.8,0,,258.4,7.2,22.2,1018,
2020-12-03,4.8,3,7.1,0.5,,188.1,9.9,27.8,989.9,
2020-12-04,4.1,3,5.5,15,,243.3,18,37,977.3,
2020-12-05,5,3,7.8,0,,84.5,15,33.3,991.1,
2020-12-06,2.6,0.9,4.9,0,,354.6,6.1,22.2,1001.7,
2020-12-07,1.1,-0.3,2.2,0.3,,4.6,4.8,16.7,999.3,
2020-12-08,1.7,-0.6,4.2,3.3,,309.7,3.8,22.2,1003.4,
2020-12-09,5.3,2.3,6.5,1.8,,228.6,12.9,29.6,1005.8,
2020-12-10,6.9,4.4,7.4,0,,124.4,16,29.6,999.1,
2020-12-11,8.8,6.8,10.9,8.6,,206.9,8.7,25.9,987,
2020-12-12,7.3,2.7,9.8,0,,277.5,12.3,29.6,999.2,
2020-12-13,6.9,0.4,11.6,0,,154.3,13.9,38.9,1002.3,
2020-12-14,10.4,8.5,12.6,5.8,,187.6,18.5,38.9,999.1,
2020-12-15,8.6,5.5,11.4,1.8,,168.7,12.6,31.5,1005.6,
2020-12-16,8.7,6.6,10.4,1,,159.3,17,40.8,1007.2,
2020-12-17,8.8,5.9,11.4,3.3,,197.5,15.2,35.2,1013.8,
2020-12-18,11.2,8.9,11.9,0,,175.8,23.9,46.3,1010.5,
2020-12-19,10.1,7.4,12.2,2,,185.7,21,42.6,1005,
2020-12-20,7.6,6,10.3,8.9,,200.3,16.7,37,1012.5,
2020-12-21,10.9,5.1,13.8,0.5,,183.1,19,42.6,1006.6,
2020-12-22,11.4,10,13.7,3,,263.6,12.8,44.5,1010.4,
2020-12-23,10.7,8,13.3,0.5,,178.4,12.5,25.9,1004.9,
2020-12-24,4.8,2.5,7.1,2.3,,339.8,18.3,40.8,1020.9,
2020-12-25,1.8,0.1,4.3,0,,296.7,11.4,27.8,1031,
2020-12-26,6.4,-0.2,10.5,0,,217.7,22.8,68.5,1016.1,
2020-12-27,6,0.5,9.8,11.7,,221.3,24.2,72.2,977.5,
2020-12-28,1.4,-1.3,3.4,2.3,,4.5,8.5,24.1,974.6,
2020-12-29,2.5,1,4.3,0.3,,304.8,9.1,18.5,990.1,
2020-12-30,1.7,-1.1,5.3,0,,275.3,9.7,22.2,1002.4,
2020-12-31,-0.2,-3.2,1.4,0,,302.7,6.6,16.7,1005.7,
2021-01-01,1.3,-1,4.4,0,,295.9,7.6,18.5,1011.7,
2021-01-02,3.3,0.9,4.8,0.5,,335.5,7.9,18.5,1016,
2021-01-03,3.4,0.7,5.8,0,,19.6,11.2,25.9,1017.6,
2021-01-04,3.8,2.6,5.4,0.3,,26.3,19.1,37,1019.5,
2021-01-05,3.2,1.9,4.6,0,,16.2,16.2,31.5,1020.1,
2021-01-06,3.2,0.1,5.6,0.5,,14.6,11.3,27.8,1019.5,
2021-01-07,-0.1,-1.7,2.1,0,,276.5,10.6,20.4,1018.6,
2021-01-08,0.3,-1.7,2.6,0,,30.6,6,18.5,1018.6,
2021-01-09,0.1,-2.1,2.6,0,,334,6.7,16.7,1026.4,
2021-01-10,0.8,-2.1,3.5,0,,258.2,11,24.1,1026.1,
2021-01-11,6.6,2.9,8.8,0,,243.5,23.5,46.3,1017.9,
2021-01-12,6.7,2.5,9.4,5.1,,300.2,14.5,44.5,1014.2,
2021-01-13,6.2,0.4,9.8,1,,234.1,10.4,27.8,1018.4,
2021-01-14,5.9,2.6,9.5,7.1,,24.2,11.5,29.6,1016.7,
2021-01-15,1.1,-0.8,3.6,9.1,,346.6,6.8,20.4,1029.8,
2021-01-16,4.8,-0.8,8.3,0.5,,212.6,14.8,37,1020,
2021-01-17,5.2,2.2,8.1,5.3,,269.9,12.9,27.8,1023.6,
2021-01-18,4.9,0.7,8.2,0,,214.2,13.6,37,1021.3,
2021-01-19,10.3,6.7,12.1,2,,218.7,30.4,50,1004.1,
2021-01-20,9.8,8.9,10.6,0.5,,190,30.8,55.5,987.4,
2021-01-21,6,3.6,8.3,6.4,,235.3,24.4,59.3,984.7,
2021-01-22,3.7,-0.3,7.8,0,,246.7,11.8,27.8,992.2,
2021-01-23,1.5,-1,4.5,1.3,,282.3,8.6,24.1,995.7,
2021-01-24,-0.2,-3.5,1.4,0,20,280.9,9.3,24.1,997.1,
2021-01-25,0.9,-1.9,5,2.5,20,284.7,12.5,27.8,1009.7,
2021-01-26,2.1,-3,6.2,0.3,10,193.9,9.4,29.6,1015.8,
2021-01-27,8.4,4.8,9.9,2,,232.4,9.4,22.2,1011.1,
2021-01-28,10.7,8.4,12.6,20.3,,217.7,18.3,42.6,1001.6,
2021-01-29,9.4,8,11.1,5.3,,254.6,20,40.8,998.4,
2021-01-30,5.1,3.1,7.4,10.7,,79.8,18.9,42.6,997.8,
2021-01-31,2.5,0.3,4,9.7,,62.3,13.6,33.3,997.9,
2021-02-01,3.5,2.5,4.2,1.5,,4.5,8.3,25.9,997,
2021-02-02,9.3,3.4,12.8,4.3,,189.5,18.7,37,994.6,
2021-02-03,8.2,5.2,10.3,1.3,,230.8,14.3,33.3,996.6,
2021-02-04,6.3,1.6,9.1,0.3,,140.6,10.8,27.8,1008.2,
2021-02-05,7.4,4.7,10.7,6.4,,179.6,10.9,24.1,1008.1,
2021-02-06,5.9,3.3,8.3,1.8,,338.5,8.9,33.3,1006.8,
2021-02-07,1.8,-0.5,3.7,5.8,,20.8,21.7,42.6,1004.6,
2021-02-08,-1.3,-1.8,-0.6,0,,34.2,19.9,37,1003.9,
2021-02-09,-0.5,-1.5,0.1,0,,57.4,16.3,33.3,1007,
2021-02-10,-0.5,-2.6,2.3,0,,34.5,12.2,29.6,1015.8,
2021-02-11,-1.2,-3.5,1,0,,78.2,15.3,37,1026.9,
2021-02-12,-0.5,-2.2,1.9,0,,81.1,19.5,38.9,1030.2,
2021-02-13,0.6,-4.1,1.7,0.4,,113.4,23.3,40.8,1032.3,
2021-02-14,2.6,0.2,4.3,0,,142.2,22.4,44.5,1025.6,
2021-02-15,8.7,3.1,12.4,2.3,,185.8,15.5,33.3,1018.1,
2021-02-16,9.2,7.3,11.2,1,,199,17.2,35.2,1009.9,
2021-02-17,9.6,7.2,10.9,2.5,,195,22,44.5,1009.7,
2021-02-18,8.2,5.2,10.6,3.3,,200.4,22.1,44.5,1003.8,
2021-02-19,6.8,4.1,11.9,1.5,,171.3,21.5,44.5,1007.9,
2021-02-20,13.6,10.7,14,0,,169.2,23.7,44.5,1003.1,
2021-02-21,11.3,9.1,13.7,1.9,,153.7,13.1,29.6,1008.1,
2021-02-22,8.9,7.6,10,0.5,,205.6,5.8,18.5,1014.7,
2021-02-23,9.9,4.6,14.1,0,,177.1,19.6,48.2,1022.9,
2021-02-24,13,11,15.3,0,,182.5,19.7,44.5,1022.3,
2021-02-25,9.9,6.6,12.4,0,,268.4,12.9,29.6,1026.8,
2021-02-26,6.4,1.2,12,0,,292.7,4.9,20.4,1037.3,
2021-02-27,6.3,0.3,12.7,0,,18.9,5.3,16.7,1040.9,
2021-02-28,5.6,2.9,9.4,0.3,,43.8,10,27.8,1037.2,
2021-03-01,5.9,3.9,10.1,0,,60.1,12.3,29.6,1032,
2021-03-02,5.2,3.7,8.6,0,,42.1,9.3,20.4,1030,
2021-03-03,5.8,3.3,8.5,0,,71.2,7.2,16.7,1027.6,
2021-03-04,5.1,3.9,6.5,7.9,,23.3,10.7,25.9,1025.1,
2021-03-05,4.2,1.3,5.9,0,,39.2,13.8,29.6,1031.9,
2021-03-06,3.8,0.3,6.5,0,,42,8.4,20.4,1033.8,
2021-03-07,3.5,0.3,7,0,,358.5,5.1,18.5,1027.7,
2021-03-08,4.7,-1,10.5,0,,259.3,5.8,18.5,1023.8,
2021-03-09,6.8,1,13.2,0,,251.6,14.2,35.2,1020.1,
2021-03-10,7.8,5.7,10.9,9.5,,197.9,26.7,63,1007.4,
2021-03-11,9.2,5.1,12.3,2.3,,248.3,36.9,70.4,996.3,
2021-03-12,7.2,4.5,11.1,2,,228.3,27.1,63,1002.1,
2021-03-13,6.9,3.7,11.2,6.1,,257.3,30.7,64.8,995.9,
2021-03-14,7.5,3.6,10.2,0.8,,271.2,21.8,40.8,1013.1,
2021-03-15,9.5,7.1,12.2,0.3,,311,15.9,33.3,1020.6,
2021-03-16,10.1,6.9,14.2,0,,308.4,14,29.6,1027.6,
2021-03-17,7.4,4.3,10,0,,338.8,10,22.2,1033.3,
2021-03-18,7.5,3.3,10.4,0.8,,335.7,10,24.1,1028.9,
2021-03-19,8.1,4.6,11.5,0.8,,28.3,13.1,27.8,1028.2,
2021-03-20,7.4,2.9,10.8,0,,310.1,7.1,18.5,1031.2,
2021-03-21,8.7,5.7,11.7,0,,5.5,9.3,24.1,1028.8,
2021-03-22,8.6,3.8,14,0,,274.8,7.3,22.2,1026.5,
2021-03-23,7.4,1.8,13.3,0,,227.4,11.5,33.3,1024.2,
2021-03-24,8.4,2.2,12.9,0,,219.3,11.3,29.6,1020.9,
2021-03-25,8.5,2.8,13.1,0,,227.4,15.1,38.9,1018.4,
2021-03-26,8.8,4.8,12.2,0,,212.1,21.5,42.6,1010.8,
2021-03-27,7.4,2.4,11.2,3,,240.2,24.4,42.6,1020.6,
2021-03-28,10.6,8.1,12.7,0,,,,,,
2021-03-29,12.6,7.8,19.6,0,,221.2,20.6,40.8,1026.6,
2021-03-30,13.6,3,23.4,0,,216.5,5.8,22.2,1027.6,
2021-03-31,14.4,7.4,19.7,0,,112.7,4.6,22.2,1020.6,
2021-04-01,10.5,6.4,14.7,0,,34.5,16,35.2,1024.3,
2021-04-02,7.1,5.4,10.5,0,,37.5,18.4,33.3,1030.3,
2021-04-03,7.1,5.7,9.3,0,,24.2,15.2,29.6,1032.2,
2021-04-04,8.3,2,15.2,0,,286,11.4,29.6,1026.1,
2021-04-05,6,3.1,8.6,0,,320.1,16.6,37,1018.4,
2021-04-06,2.7,0.1,7.6,0,,307.3,15.2,35.2,1020.8,
2021-04-07,2.9,-2.4,6.4,0,,291.7,12.2,29.6,1023.8,
2021-04-08,7.4,2,12,0,,244.4,14.9,37,1021.7,
2021-04-09,8.7,4.8,13.6,0,,257.4,12.5,27.8,1013.6,
2021-04-10,6.7,5.1,8.4,0,,46,12.5,27.8,1013.2,
2021-04-11,4.3,1,9.2,0,,351.2,10.5,25.9,1019.2,
2021-04-12,4.7,-1.4,9.7,0.3,,289.8,6.9,20.4,1028.6,
2021-04-13,6.1,-0.8,11.6,1.5,,288.4,4,18.5,1032.6,
2021-04-14,7,2.5,12.4,0,,61,8.5,25.9,1032.7,
2021-04-15,6.1,1,10.6,0,,34.1,8,25.9,1033.2,
2021-04-16,6.1,0.7,12.1,0,,32,7.7,20.4,1031.3,
2021-04-17,7.4,-0.1,13.6,0,,33.7,7.7,20.4,1029.1,
2021-04-18,9.1,1.1,15.5,0,,36.1,5.6,16.7,1025.1,
2021-04-19,10.6,2.9,17.1,0,,96.1,7.1,20.4,1021.4,
2021-04-20,11.1,4.4,17.3,0,,70.6,7.1,16.7,1018,
2021-04-21,10,6.9,14,0,,54.3,11.7,35.2,1021,
2021-04-22,8,2.4,14.2,0,,76.1,15.1,33.3,1027.1,
2021-04-23,9.4,2.3,17.2,0,,68.4,12.3,37,1028.5,
2021-04-24,10.3,3.7,16.5,0,,62.8,14,38.9,1027.5,
2021-04-25,8.8,4.6,14,0,,57.9,17.4,38.9,1028.1,
2021-04-26,7.8,4.4,13.6,0,,52.3,13.5,31.5,1021.7,
2021-04-27,9.4,1.6,15.9,0,,13.1,5.9,20.4,1010.6,
2021-04-28,8.3,6.2,12.4,0,,38.2,11.6,31.5,1006.5,
2021-04-29,7.7,3.6,10.6,5.6,,350.2,10.1,27.8,1011.3,
2021-04-30,7.7,4,12.5,0,,2.7,7.6,18.5,1015.1,
2021-05-01,7.9,3,12.7,0,,10.5,8.1,20.4,1016.4,
2021-05-02,9.1,4.9,13.9,0,,267.2,8,25.9,1020.3,
2021-05-03,9.6,5.7,14,0.3,,216.5,27.4,68.5,1013.1,
2021-05-04,9.9,7.1,15.1,7.6,,266.6,32.7,64.8,999.8,
2021-05-05,6.9,3,13.6,0.3,,274.7,13.4,33.3,1008.7,
2021-05-06,7.2,1.6,12.2,4.3,,284.4,8.7,27.8,1007.3,
2021-05-07,9.1,4.3,13.7,0,,280.3,11.1,27.8,1015.2,
2021-05-08,12.3,6.5,16,5.3,,187,19.5,51.8,1005.8,
2021-05-09,15.7,12.8,20.3,4.3,,189.2,17.7,38.9,997.3,
2021-05-10,12.4,10.2,17.1,1.3,,206.6,18.3,50,1000.1,
2021-05-11,11.9,5.5,17.2,1.3,,151.5,13.5,37,1007,
2021-05-12,12.5,8.9,16.7,0,,181,14.4,29.6,1008.5,
2021-05-13,11,9.2,14.5,0.8,,63.6,11.3,29.6,1006,
2021-05-14,10.4,8.2,13.3,3.3,,17.4,8.9,22.2,1009.1,
2021-05-15,10.9,8.5,14.7,1.3,,171.3,10.6,24.1,1001.2,
2021-05-16,10.8,7.5,14.2,3.3,,215.5,10.8,31.5,998,
2021-05-17,11.5,9.7,16.3,12.7,,285.1,11.3,29.6,1004.7,
2021-05-18,10.9,5.5,17.1,5.1,,288.5,7.2,35.2,1013.2,
2021-05-19,12,8.6,18.3,3.3,,288.5,12.6,27.8,1017.5,
2021-05-20,11.1,6.5,14.1,0.5,,207.8,17.6,66.7,1013.3,
2021-05-21,11.3,10.2,13.3,0.8,,223.1,34.3,72,996.9,
2021-05-22,10.6,7.7,14.1,3.6,,275.8,13.8,42.6,1002.8,
2021-05-23,9.6,4,13.2,2.3,,214.4,17.5,46.3,1008.2,
2021-05-24,9.7,6.8,12.4,15.5,,223,14.7,37,1003.1,
2021-05-25,10.7,6.1,14.9,6.1,,278.3,14,42.6,1013.5,
2021-05-26,11.4,5.3,16.1,0.3,,302.7,11.4,27.8,1014.7,
2021-05-27,14.7,7.4,21.1,0,,297,4.9,20.4,1020,
2021-05-28,14.9,10.4,19.4,0,,125.9,5.1,18.5,1023.2,
2021-05-29,15.3,11.5,21.6,1.3,,58.3,8.9,27.8,1026.5,
2021-05-30,13,8.6,21.1,0,,59.3,10.2,27.8,1027.6,
2021-05-31,15.8,9,24.1,0,,55.2,9.8,31.5,1021.6,
2021-06-01,18.6,10.8,25.7,0,,71.9,13.4,37,1015.2,
2021-06-02,20.5,12.9,27,0,,64.9,10.8,29.6,1012.6,
2021-06-03,18.9,17,23.6,0,,265.8,11,27.8,1018.2,
2021-06-04,14.7,12.6,16.3,0,,331.7,6.5,18.5,1022.8,
2021-06-05,17.1,9.8,23,7.4,,279.7,7.2,24.1,1024.3,
2021-06-06,17.4,13.3,23.1,0,,261.2,6.7,22.2,1024.5,
2021-06-07,17.9,13.7,22.6,0.3,,195.3,9.5,27.8,1023.9,
2021-06-08,18.6,11.5,23.8,0,,250,8.6,25.9,1023.2,
2021-06-09,19.2,11.4,25.6,0,,242.6,10.5,35.2,1021.7,
2021-06-10,19.3,15.6,23,0,,225.5,11.9,35.2,1020.9,
2021-06-11,19.8,16.4,24.5,0,,252.5,15.5,37,1019.8,
2021-06-12,19.3,13.3,24.1,0,,298.7,10.4,25.9,1023.3,
2021-06-13,21.6,14.5,27.8,0,,246.6,7.7,27.8,1026.1,
2021-06-14,22,15.4,27.7,0,,291.3,8.8,25.9,1020.9,
2021-06-15,20.1,14.8,25.9,0,,46.7,9.4,25.9,1020.6,
2021-06-16,21.6,14.8,27.8,0,,187.2,10.8,31.5,1012.3,
2021-06-17,19.2,16.9,20.9,4.3,,353.5,8.2,22.2,1010.5,
2021-06-18,14.3,12.4,16.7,7.9,,9.9,12,29.6,1013.2,
2021-06-19,13.8,11.9,15.9,27.4,,30,9.4,27.8,1014.1,
2021-06-20,14.7,12.9,18.4,0.3,,45.3,10.9,27.8,1008.9,
2021-06-21,13,11.9,14.3,0.3,,37.5,16.7,31.5,1012.5,
2021-06-22,14,11.3,17,4.3,,21.7,13.9,31.5,1020.3,
2021-06-23,15.3,8,21.7,0,,356.5,7.2,20.4,1023.4,
2021-06-24,16.3,9.5,19.7,0,,281.2,8.7,25.9,1021.6,
2021-06-25,17.5,13.6,22.2,0.3,,276.6,12.1,25.9,1016.3,
2021-06-26,17.9,13.9,23.6,0,,75.5,11.5,27.8,1017.3,
2021-06-27,17.4,15.5,20.3,0,,38.3,10.9,31.5,1015.6,
2021-06-28,16.9,15.1,19.9,33.3,,19.1,9.6,24.1,1014.4,
2021-06-29,15.9,14.1,18.9,0.5,,10.9,9.6,22.2,1015.3,
2021-06-30,15.3,13.5,18,2.8,,353.7,7,20.4,1017.4,
2021-07-01,17.4,12.5,21,0,,350.9,6,18.5,1017.6,
2021-07-02,18.8,15.3,23.5,0,,217.7,8.3,24.1,1016,
2021-07-03,18.1,16.4,21.5,0.5,,169.6,11.6,33.3,1011.9,
2021-07-04,16.9,14.7,20.7,0.3,,186.6,15.7,37,1007.6,
2021-07-05,16.2,13.7,21.4,6.1,,200.9,12.9,37,1004.8,
2021-07-06,15.2,13.1,18.6,13.7,,205.5,20.1,46.3,999.5,
2021-07-07,16.7,13.1,20.8,3,,203.6,15.9,35.2,1011.2,
2021-07-08,17.2,14.5,20.1,0,,208.1,10.2,27.8,1019.3,
2021-07-09,18.5,15.2,24,1.3,,231.5,11.5,27.8,1020.6,
2021-07-10,15.7,13.6,19.4,0,,256.1,6,22.2,1016.7,
2021-07-11,16.4,11.6,20.7,0.5,,190.2,8.9,25.9,1015.3,
2021-07-12,16.9,14,21.7,2.5,,20.1,5.9,20.4,1011.2,
2021-07-13,18.6,14.9,22.1,5.8,,350.6,7.1,24.1,1014.6,
2021-07-14,19.8,14.9,24.7,0,,314.9,12,27.8,1017.9,
2021-07-15,18.3,14.2,21.7,0,,350.7,8.2,25.9,1022.3,
2021-07-16,19.6,11.3,26.4,0,,10.6,8.8,25.9,1026.6,
2021-07-17,21.9,15.6,28,0,,29.8,7.1,20.4,1028,
2021-07-18,24.4,15.9,30.8,0,,324.8,5.6,20.4,1024.8,
2021-07-19,24.4,18.1,31.1,0,,311.4,6.6,20.4,1020.7,
2021-07-20,23.7,17.6,32,0,,109.9,8.9,24.1,1019.6,
2021-07-21,23.9,17.7,30.1,0,,34.5,6.6,22.2,1021.9,
2021-07-22,22.8,17.9,29,0,,76.4,8.2,24.1,1022.5,
2021-07-23,19.3,15.7,24.7,0,,52.4,11.5,35.2,1017.1,
2021-07-24,18.3,16,23.1,0,,50.1,11.8,29.6,1008.6,
2021-07-25,18.6,16.8,20.9,0.3,,7.9,7.3,20.4,1007.6,
2021-07-26,19.8,15.3,25.6,7.1,,287.5,6.8,25.9,1009.7,
2021-07-27,18.7,17,21.3,0,,226.9,11.9,25.9,1008.3,
2021-07-28,16.7,13.9,19.9,1.5,,234.8,18.8,44.5,1006.9,
2021-07-29,17.1,12,23.2,10.7,,237.1,20.9,44.5,1009.6,
2021-07-30,16.1,14.3,19.1,1.5,,222.6,19.4,50,1003.2,
2021-07-31,16.2,12.9,19.4,1.8,,275.8,9.7,29.6,1009.1,
2021-08-01,16.9,14.7,21.8,4.6,,315.2,6.8,22.2,1011.2,
2021-08-02,15.9,12.7,20.7,0,,75.5,7,22.2,1014.9,
2021-08-03,16.2,10.6,22.7,0,,105.5,7.9,24.1,1013.1,
2021-08-04,17.5,11.7,23.2,0,,135.4,8.3,22.2,1012.8,
2021-08-05,16.7,12.7,20,0,,173,16.6,42.6,1005.2,
2021-08-06,17.3,14.5,22.7,2.3,,240.1,15.2,48.2,998.4,
2021-08-07,16.2,13.5,20.6,3.8,,198.8,16.1,38.9,997.8,
2021-08-08,16.1,13.5,19.7,11.7,,236.2,19.4,44.5,1005.2,
2021-08-09,16.1,12.7,22,7.6,,219.8,14.3,37,1011.5,
2021-08-10,17.7,12.3,23.9,12.7,,239.4,10.7,29.6,1015.3,
2021-08-11,18.1,12.9,24.5,0,,224.9,12,33.3,1018,
2021-08-12,18.1,15.9,22.1,0,,209.3,12.5,35.2,1018.2,
2021-08-13,17.6,13.6,21.6,0.3,,225.4,15.8,38.9,1020.8,
2021-08-14,18.9,14.2,24.5,0,,225.6,13.3,31.5,1019.9,
2021-08-15,18.3,14.1,23.8,0,,231.3,13.8,38.9,1013.6,
2021-08-16,15.9,13.4,18.7,0,,296,14.4,31.5,1016.9,
2021-08-17,15.8,11.4,18.5,0,,270.8,14.6,31.5,1019.8,
2021-08-18,18.3,15.3,23.5,0.5,,268.3,14.9,37,1016.9,
2021-08-19,17.2,13.7,20.8,0,,246.5,11.7,29.6,1014.3,
2021-08-20,17.5,13.5,20.9,0.5,,236.3,11,24.1,1016,
2021-08-21,17.6,15.6,20.6,0,,147.1,7.9,27.8,1015.5,
2021-08-22,18.4,15.4,22.6,2.3,,312.7,11,27.8,1018.6,
2021-08-23,17.5,15.3,21,0.5,,20.4,8.6,24.1,1027.5,
2021-08-24,17.4,12.4,22.9,0,,40.4,11,27.8,1029.4,
2021-08-25,17.2,13.4,21.7,0,,25.9,9.7,24.1,1025.8,
2021-08-26,16.9,15.7,18.7,0,,10,10.1,25.9,1022.2,
2021-08-27,15.6,12.8,19.6,0,,3,8.9,24.1,1023.4,
2021-08-28,15.9,11.3,20.1,0,,13,9,25.9,1025.9,
2021-08-29,15.2,10.4,19.5,0,,9.6,8.9,24.1,1025.4,
2021-08-30,15.6,13.8,17.1,0,,15.4,11.4,27.8,1026.1,
2021-08-31,15.6,14,18.4,0,,11.7,8,25.9,1029.3,
2021-09-01,16.1,14,18.6,0,,20,9.9,25.9,1030.8,
2021-09-02,16.8,15,20.2,0,,38,13.5,29.6,1027.8,
2021-09-03,17.2,13.6,21.9,0,,49.5,9.8,24.1,1021.8,
2021-09-04,16.6,12.4,19.6,0,,37,7.5,24.1,1018.9,
2021-09-05,18.9,14.3,26.1,0,,62.6,7.9,18.5,1020.4,
2021-09-06,20.7,14.5,28.2,0,,60.2,3.6,16.7,1023,
2021-09-07,22.3,15.6,30,0,,48.6,5.9,29.6,1020.8,
2021-09-08,22.2,15.8,30.1,0,,75.5,10.7,31.5,1012.9,
2021-09-09,18.8,16.8,23.3,2.5,,189.9,11.7,33.3,1008.5,
2021-09-10,18.4,16.9,21.1,0.3,,207.2,12.5,31.5,1010.5,
2021-09-11,18.6,15.1,23.4,1.8,,256.3,13.5,31.5,1016.1,
2021-09-12,16.8,12,20.4,0,,349.7,4.6,20.4,1018.7,
2021-09-13,17.1,14.1,20.9,0,,69.1,12.8,29.6,1017.8,
2021-09-14,17.4,15.7,20.7,3.6,,23.5,6.2,22.2,1011.9,
2021-09-15,17.2,14.6,21.2,10.7,,343.6,6.5,18.5,1014.1,
2021-09-16,16.3,10.9,23.7,0,,246.9,8.6,22.2,1017.5,
2021-09-17,16.6,13.3,22.1,0,,198.3,8.2,29.6,1014.7,
2021-09-18,18.3,12.5,25.2,0,,87.6,6.7,25.9,1013.9,
2021-09-19,15.8,14.5,18.2,0,,335.4,4.4,18.5,1014.4,
2021-09-20,15.7,11.7,20.5,3.8,,346.2,9.6,24.1,1022.6,
2021-09-21,15.4,9.9,22.2,0,,299,3.6,16.7,1030.1,
2021-09-22,15.2,10.5,23,0,,260.5,8.2,31.5,1027.7,
2021-09-23,16.1,12,21,0,,261.7,14.4,35.2,1020.2,
2021-09-24,17.1,13,23,0,,242,13.7,31.5,1016,
2021-09-25,16.8,14,18,0,,227.5,7,20.4,1014.1,
2021-09-26,16.8,13,22,0,,187.5,12.1,31.5,1011.5,
2021-09-27,15.9,12,18,6.2,,217.4,22.4,50,1010.5,
2021-09-28,13.6,9,17,4.6,,187.6,18.3,44.5,1015.3,
2021-09-29,11.7,8.6,16.7,17,,279.7,15.8,42.6,1019.1,
2021-09-30,12.8,7.3,16.5,0.8,,209,15.1,51.8,1020.8,
2021-10-01,14.6,10.5,18.6,3.6,,229.3,17.2,44.5,1010.2,
2021-10-02,11.7,7.2,14.9,2.8,,149.4,14.1,42.6,998.9,
2021-10-03,12.5,10.4,16.6,17.5,,222,19.2,48.2,997.4,
2021-10-04,12.8,10.3,17.2,2.5,,189.8,17.9,38.9,1008.1,
2021-10-05,12.7,10.8,14.7,11.7,,239.2,22.9,55.5,1002.3,
2021-10-06,12.9,9.5,17.1,0.3,,268.6,17.1,44.5,1018.3,
2021-10-07,15,11.8,17.8,0,,185.4,8.4,20.4,1025.9,
2021-10-08,15.2,12.9,17.5,0.3,,235.7,5.5,16.7,1029.5,
2021-10-09,12.3,8,19.1,0.3,,39.2,4.1,14.8,1028.3,
2021-10-10,13.2,8.5,18.9,0,,320.1,6.8,22.2,1029.4,
2021-10-11,11.2,7.8,16.1,0,,304.8,6.5,20.4,1030.6,
2021-10-12,11.9,6.8,16.8,0,,308.1,9.1,22.2,1026.1,
2021-10-13,12.2,7.3,16.2,0,,258.7,6.7,18.5,1027.8,
2021-10-14,13.9,9.7,19.3,0,,245.3,14,33.3,1024,
2021-10-15,12.8,9.3,15,0,,23,9.8,29.6,1020.3,
2021-10-16,11.8,8.4,17.7,0,,134.4,6.3,20.4,1020.5,
2021-10-17,12.6,8.8,17.9,0.8,,180,9.2,27.8,1017.4,
2021-10-18,13.1,7.4,16.8,2.5,,172.4,12.6,35.2,1016.3,
2021-10-19,17.8,16.3,20.5,4,,210.4,23.8,51.8,1012,
2021-10-20,15.6,10.3,18.9,26.5,,218.4,21.1,48.2,999,
2021-10-21,9.5,5.6,12.2,4.9,,291.9,17,38.9,1007.1,
2021-10-22,9.3,5.1,13.6,0,,271.4,16.7,37,1021,
2021-10-23,11.5,9.6,13.7,0,,201,10.4,29.6,1024.9,
2021-10-24,13,11.2,15.3,0,,190.3,14.7,35.2,1018.2,
2021-10-25,12.5,10.7,14.7,0.6,,221.7,13.5,29.6,1015.3,
2021-10-26,12.6,9.4,15.7,0,,218,16.4,37,1017.9,
2021-10-27,15.2,14.2,17.4,0,,207.8,23,46.3,1017.2,
2021-10-28,14.8,13.6,17,0,,184.3,20.8,42.6,1010.5,
2021-10-29,13.9,11.7,15.5,4.6,,169.8,19.7,40.8,1000.7,
2021-10-30,11.5,10.2,13.6,10.2,,176.5,17.3,38.9,1000,
