,Date,newCasesBySpecimenDate,cumCasesBySpecimenDate,newPeopleVaccinatedFirstDoseByVaccinationDate,cumPeopleVaccinatedFirstDoseByVaccinationDate,newPeopleVaccinatedSecondDoseByVaccinationDate,cumPeopleVaccinatedSecondDoseByVaccinationDate,uniqueCasePositivityBySpecimenDateRollingSum,uniquePeopleTestedBySpecimenDateRollingSum,covidOccupiedMVBeds,hospitalCases,newAdmissions,cumAdmissions,newDeaths28DaysByDeathDate,cumDeaths28DaysByDeathDate
0,2021-10-24,644.0,1158300.0,2362.0,6015925.0,2102.0,5439491.0,,,157.0,1003.0,,,2.0,16653.0
1,2021-10-23,2445.0,1157656.0,4484.0,6013563.0,5536.0,5437389.0,,,154.0,993.0,93.0,85597.0,1.0,16651.0
2,2021-10-22,3297.0,1155211.0,6324.0,6009079.0,4213.0,5431853.0,,,153.0,969.0,109.0,85504.0,4.0,16650.0
3,2021-10-21,3787.0,1151914.0,5310.0,6002755.0,3693.0,5427640.0,,,157.0,979.0,71.0,85395.0,7.0,16646.0
4,2021-10-20,4220.0,1148127.0,7519.0,5997445.0,4067.0,5423947.0,,,154.0,959.0,101.0,85324.0,4.0,16639.0
5,2021-10-19,4304.0,1143907.0,6342.0,5989926.0,4061.0,5419880.0,6.0,423819.0,160.0,965.0,105.0,85223.0,9.0,16635.0
6,2021-10-18,4460.0,1139603.0,6369.0,5983584.0,4023.0,5415819.0,5.8,424862.0,154.0,918.0,94.0,85118.0,9.0,16626.0
7,2021-10-17,3291.0,1135143.0,1391.0,5977215.0,2225.0,5411796.0,5.6,427005.0,155.0,896.0,106.0,85024.0,11.0,16617.0
8,2021-10-16,2739.0,1131852.0,3758.0,5975824.0,6413.0,5409571.0,5.5,424718.0,155.0,882.0,100.0,84918.0,6.0,16606.0
9,2021-10-15,3228.0,1129113.0,6977.0,5972066.0,4769.0,5403158.0,5.5,422251.0,149.0,879.0,99.0,84818.0,5.0,16600.0
10,2021-10-14,3384.0,1125885.0,6945.0,5965089.0,4209.0,5398389.0,5.4,422230.0,137.0,864.0,105.0,84719.0,11.0,16595.0
11,2021-10-13,3509.0,1122501.0,7891.0,5958144.0,4341.0,5394180.0,5.3,421095.0,143.0,849.0,97.0,84614.0,6.0,16584.0
12,2021-10-12,3352.0,1118992.0,5211.0,5950253.0,3801.0,5389839.0,5.1,419022.0,146.0,853.0,93.0,84517.0,4.0,16578.0
13,2021-10-11,3830.0,1115640.0,4702.0,5945042.0,4001.0,5386038.0,5.0,419985.0,139.0,894.0,75.0,84424.0,9.0,16574.0
14,2021-10-10,2730.0,1111810.0,1406.0,5940340.0,2425.0,5382037.0,4.9,418802.0,146.0,878.0,58.0,84349.0,8.0,16565.0
15,2021-10-09,2433.0,1109080.0,3458.0,5938934.0,5781.0,5379612.0,4.9,418727.0,143.0,867.0,67.0,84291.0,11.0,16557.0
16,2021-10-08,2654.0,1106647.0,4828.0,5935476.0,4731.0,5373831.0,4.8,419406.0,144.0,885.0,78.0,84224.0,9.0,16546.0
17,2021-10-07,2904.0,1103993.0,4206.0,5930648.0,3933.0,5369100.0,4.7,418660.0,161.0,884.0,84.0,84146.0,6.0,16537.0
18,2021-10-06,2813.0,1101089.0,4231.0,5926442.0,4175.0,5365167.0,4.6,418265.0,171.0,904.0,76.0,84062.0,10.0,16531.0
19,2021-10-05,3046.0,1098276.0,4637.0,5922211.0,4461.0,5360992.0,4.6,419468.0,175.0,925.0,74.0,83986.0,11.0,16521.0
20,2021-10-04,3301.0,1095230.0,4472.0,5917574.0,4683.0,5356531.0,4.4,425662.0,173.0,934.0,87.0,83912.0,9.0,16510.0
21,2021-10-03,2526.0,1091929.0,1684.0,5913102.0,2776.0,5351848.0,4.4,435041.0,176.0,906.0,57.0,83825.0,6.0,16501.0
22,2021-10-02,2138.0,1089403.0,3722.0,5911418.0,6698.0,5349072.0,4.3,440337.0,176.0,894.0,82.0,83768.0,12.0,16495.0
23,2021-10-01,2191.0,1087265.0,4303.0,5907696.0,5319.0,5342374.0,4.3,442284.0,179.0,927.0,70.0,83686.0,16.0,16483.0
24,2021-09-30,2592.0,1085074.0,3831.0,5903393.0,5216.0,5337055.0,4.3,445015.0,181.0,948.0,66.0,83616.0,13.0,16467.0
25,2021-09-29,2778.0,1082482.0,3971.0,5899562.0,5360.0,5331839.0,4.3,448011.0,175.0,983.0,81.0,83550.0,13.0,16454.0
26,2021-09-28,2789.0,1079704.0,3670.0,5895591.0,5277.0,5326479.0,4.3,450684.0,177.0,1001.0,73.0,83469.0,13.0,16441.0
27,2021-09-27,3439.0,1076915.0,3176.0,5891921.0,5993.0,5321202.0,4.4,451528.0,183.0,999.0,86.0,83396.0,16.0,16428.0
28,2021-09-26,2502.0,1073476.0,1511.0,5888745.0,3254.0,5315209.0,4.2,456168.0,191.0,990.0,72.0,83310.0,6.0,16412.0
29,2021-09-25,2226.0,1070974.0,3735.0,5887234.0,8874.0,5311955.0,4.2,455850.0,193.0,984.0,81.0,83238.0,10.0,16406.0
30,2021-09-24,2379.0,1068748.0,3666.0,5883499.0,6770.0,5303081.0,4.2,455256.0,195.0,1000.0,87.0,83157.0,13.0,16396.0
31,2021-09-23,2724.0,1066369.0,4082.0,5879833.0,7305.0,5296311.0,4.2,454684.0,204.0,1013.0,88.0,83070.0,14.0,16383.0
32,2021-09-22,2806.0,1063645.0,3538.0,5875751.0,7250.0,5289006.0,4.1,451956.0,209.0,1056.0,80.0,82982.0,11.0,16369.0
33,2021-09-21,2907.0,1060839.0,3518.0,5872213.0,7081.0,5281756.0,4.1,449322.0,210.0,1077.0,86.0,82902.0,8.0,16358.0
34,2021-09-20,3114.0,1057932.0,3457.0,5868695.0,8535.0,5274675.0,4.1,445032.0,221.0,1122.0,97.0,82816.0,7.0,16350.0
35,2021-09-19,2334.0,1054818.0,1845.0,5865238.0,4610.0,5266140.0,4.0,442550.0,229.0,1134.0,70.0,82719.0,9.0,16343.0
36,2021-09-18,2107.0,1052484.0,4227.0,5863393.0,11250.0,5261530.0,4.0,439819.0,228.0,1124.0,78.0,82649.0,11.0,16334.0
37,2021-09-17,2355.0,1050377.0,3479.0,5859166.0,9874.0,5250280.0,4.1,438847.0,227.0,1153.0,76.0,82571.0,8.0,16323.0
38,2021-09-16,2334.0,1048022.0,3198.0,5855687.0,9374.0,5240406.0,4.1,437505.0,222.0,1179.0,103.0,82495.0,10.0,16315.0
39,2021-09-15,2424.0,1045688.0,3256.0,5852489.0,9281.0,5231032.0,4.2,438830.0,234.0,1214.0,89.0,82392.0,11.0,16305.0
40,2021-09-14,2601.0,1043264.0,3112.0,5849233.0,9373.0,5221751.0,4.4,437571.0,235.0,1276.0,90.0,82303.0,12.0,16294.0
41,2021-09-13,2784.0,1040663.0,3177.0,5846121.0,10427.0,5212378.0,4.5,438228.0,228.0,1253.0,98.0,82213.0,4.0,16282.0
42,2021-09-12,2010.0,1037879.0,1818.0,5842944.0,5965.0,5201951.0,4.7,442745.0,224.0,1214.0,91.0,82115.0,8.0,16278.0
43,2021-09-11,2169.0,1035869.0,4209.0,5841126.0,14157.0,5195986.0,4.8,447549.0,222.0,1209.0,109.0,82024.0,8.0,16270.0
44,2021-09-10,2507.0,1033700.0,3507.0,5836917.0,12295.0,5181829.0,4.8,455839.0,220.0,1225.0,101.0,81915.0,10.0,16262.0
45,2021-09-09,2743.0,1031193.0,3486.0,5833410.0,12954.0,5169534.0,4.9,469291.0,224.0,1190.0,114.0,81814.0,16.0,16252.0
46,2021-09-08,3135.0,1028450.0,3268.0,5829924.0,12070.0,5156580.0,4.9,485306.0,228.0,1214.0,133.0,81700.0,13.0,16236.0
47,2021-09-07,3385.0,1025315.0,3278.0,5826656.0,12783.0,5144510.0,4.8,502466.0,229.0,1211.0,123.0,81567.0,11.0,16223.0
48,2021-09-06,3780.0,1021930.0,3502.0,5823378.0,14433.0,5131727.0,4.8,515138.0,237.0,1177.0,142.0,81444.0,16.0,16212.0
49,2021-09-05,2652.0,1018150.0,2380.0,5819876.0,9662.0,5117294.0,4.7,504200.0,230.0,1143.0,100.0,81302.0,9.0,16196.0
50,2021-09-04,2716.0,1015498.0,5357.0,5817496.0,19247.0,5107632.0,4.6,502031.0,229.0,1134.0,88.0,81202.0,8.0,16187.0
51,2021-09-03,3452.0,1012782.0,4789.0,5812139.0,16460.0,5088385.0,4.6,500091.0,222.0,1154.0,102.0,81114.0,20.0,16179.0
52,2021-09-02,3719.0,1009330.0,5161.0,5807350.0,17001.0,5071925.0,4.6,488560.0,226.0,1202.0,122.0,81012.0,12.0,16159.0
53,2021-09-01,3606.0,1005611.0,5361.0,5802189.0,16676.0,5054924.0,4.7,472957.0,225.0,1235.0,124.0,80890.0,10.0,16147.0
54,2021-08-31,3712.0,1002005.0,5803.0,5796828.0,19155.0,5038248.0,4.8,456818.0,223.0,1255.0,141.0,80766.0,12.0,16137.0
55,2021-08-30,2815.0,998293.0,2661.0,5791025.0,10520.0,5019093.0,4.9,444226.0,221.0,1192.0,146.0,80625.0,8.0,16125.0
56,2021-08-29,2246.0,995478.0,3183.0,5788364.0,11612.0,5008573.0,5.0,456068.0,207.0,1150.0,118.0,80479.0,7.0,16117.0
57,2021-08-28,2575.0,993232.0,5769.0,5785181.0,20526.0,4996961.0,5.1,453379.0,207.0,1154.0,116.0,80361.0,14.0,16110.0
58,2021-08-27,3064.0,990657.0,6040.0,5779412.0,20595.0,4976435.0,5.2,446132.0,215.0,1189.0,112.0,80245.0,11.0,16096.0
59,2021-08-26,3175.0,987593.0,7073.0,5773372.0,22832.0,4955840.0,5.3,440887.0,212.0,1189.0,115.0,80133.0,13.0,16085.0
60,2021-08-25,3425.0,984418.0,6399.0,5766299.0,22085.0,4933008.0,5.4,437459.0,215.0,1172.0,139.0,80018.0,10.0,16072.0
61,2021-08-24,3416.0,980993.0,6844.0,5759900.0,21755.0,4910923.0,5.5,433564.0,214.0,1178.0,165.0,79879.0,8.0,16062.0
62,2021-08-23,3569.0,977577.0,6710.0,5753056.0,23724.0,4889168.0,5.6,430035.0,216.0,1199.0,147.0,79714.0,14.0,16054.0
63,2021-08-22,2646.0,974008.0,5408.0,5746346.0,17530.0,4865444.0,5.7,428561.0,220.0,1138.0,134.0,79567.0,13.0,16040.0
64,2021-08-21,2652.0,971362.0,8694.0,5740938.0,28372.0,4847914.0,5.7,425933.0,216.0,1126.0,124.0,79433.0,13.0,16027.0
65,2021-08-20,3083.0,968710.0,8247.0,5732244.0,26046.0,4819542.0,5.8,422634.0,213.0,1112.0,120.0,79309.0,16.0,16014.0
66,2021-08-19,3537.0,965627.0,6728.0,5723997.0,27049.0,4793496.0,6.0,420858.0,217.0,1098.0,140.0,79189.0,13.0,15998.0
67,2021-08-18,3698.0,962090.0,5411.0,5717269.0,24933.0,4766447.0,6.2,418594.0,212.0,1090.0,146.0,79049.0,10.0,15985.0
68,2021-08-17,3724.0,958392.0,5847.0,5711858.0,24649.0,4741514.0,6.3,415831.0,211.0,1074.0,111.0,78903.0,12.0,15975.0
69,2021-08-16,3841.0,954668.0,5900.0,5706011.0,26893.0,4716865.0,6.4,411854.0,211.0,1086.0,126.0,78792.0,10.0,15963.0
70,2021-08-15,2703.0,950827.0,3860.0,5700111.0,20042.0,4689972.0,6.4,411544.0,208.0,1036.0,89.0,78666.0,13.0,15953.0
71,2021-08-14,2897.0,948124.0,6518.0,5696251.0,32151.0,4669930.0,6.4,409008.0,198.0,1008.0,129.0,78577.0,12.0,15940.0
72,2021-08-13,3677.0,945227.0,5633.0,5689733.0,27008.0,4637779.0,6.5,405548.0,200.0,1025.0,118.0,78448.0,7.0,15928.0
73,2021-08-12,3928.0,941550.0,5469.0,5684100.0,29771.0,4610771.0,6.5,401962.0,198.0,1016.0,134.0,78330.0,17.0,15921.0
74,2021-08-11,4271.0,937622.0,5242.0,5678631.0,25008.0,4581000.0,6.6,399981.0,201.0,1041.0,121.0,78196.0,12.0,15904.0
75,2021-08-10,3821.0,933351.0,5584.0,5673389.0,25175.0,4555992.0,6.7,395849.0,203.0,1068.0,99.0,78075.0,5.0,15892.0
76,2021-08-09,3813.0,929530.0,4852.0,5667805.0,25426.0,4530817.0,6.8,389731.0,202.0,1077.0,92.0,77976.0,8.0,15887.0
77,2021-08-08,2841.0,925717.0,3636.0,5662953.0,19841.0,4505391.0,6.8,391116.0,200.0,1046.0,112.0,77884.0,7.0,15879.0
78,2021-08-07,2940.0,922876.0,6591.0,5659317.0,33244.0,4485550.0,6.8,388363.0,202.0,1026.0,102.0,77772.0,8.0,15872.0
79,2021-08-06,3623.0,919936.0,5192.0,5652726.0,26219.0,4452306.0,6.8,386652.0,200.0,1044.0,114.0,77670.0,8.0,15864.0
80,2021-08-05,4178.0,916313.0,5385.0,5647534.0,28183.0,4426087.0,6.7,384922.0,201.0,1027.0,131.0,77556.0,15.0,15856.0
81,2021-08-04,4193.0,912135.0,4694.0,5642149.0,21983.0,4397904.0,6.6,384776.0,199.0,1042.0,113.0,77425.0,13.0,15841.0
82,2021-08-03,3939.0,907942.0,5182.0,5637455.0,23112.0,4375921.0,6.6,383329.0,198.0,1084.0,120.0,77312.0,6.0,15828.0
83,2021-08-02,3903.0,904003.0,4574.0,5632273.0,22839.0,4352809.0,6.6,382831.0,204.0,1157.0,99.0,77192.0,9.0,15822.0
84,2021-08-01,2624.0,900100.0,3852.0,5627699.0,21315.0,4329970.0,6.6,386791.0,184.0,1023.0,123.0,77093.0,9.0,15813.0
85,2021-07-31,2601.0,897476.0,6447.0,5623847.0,33410.0,4308655.0,6.6,389514.0,189.0,1034.0,124.0,76970.0,8.0,15804.0
86,2021-07-30,3270.0,894875.0,5294.0,5617400.0,26942.0,4275245.0,6.7,392761.0,187.0,1029.0,126.0,76846.0,12.0,15796.0
87,2021-07-29,3806.0,891605.0,5848.0,5612106.0,28814.0,4248303.0,6.8,394779.0,172.0,935.0,129.0,76720.0,10.0,15784.0
88,2021-07-28,3889.0,887799.0,5724.0,5606258.0,25320.0,4219489.0,6.9,398593.0,179.0,1023.0,106.0,76591.0,11.0,15774.0
89,2021-07-27,3815.0,883910.0,5919.0,5600534.0,25229.0,4194169.0,7.1,404333.0,179.0,1001.0,132.0,76485.0,4.0,15763.0
90,2021-07-26,3975.0,880095.0,5300.0,5594615.0,25304.0,4168940.0,7.3,407588.0,161.0,957.0,162.0,76353.0,8.0,15759.0
91,2021-07-25,2824.0,876120.0,4028.0,5589315.0,21350.0,4143636.0,7.6,417560.0,149.0,890.0,130.0,76191.0,5.0,15751.0
92,2021-07-24,3058.0,873296.0,7344.0,5585287.0,36764.0,4122286.0,7.9,421517.0,146.0,852.0,134.0,76061.0,4.0,15746.0
93,2021-07-23,3858.0,870238.0,6630.0,5577943.0,31383.0,4085522.0,8.2,426837.0,142.0,794.0,104.0,75927.0,10.0,15742.0
94,2021-07-22,4232.0,866380.0,6743.0,5571313.0,32464.0,4054139.0,8.7,436598.0,141.0,735.0,141.0,75823.0,6.0,15732.0
95,2021-07-21,4687.0,862148.0,6958.0,5564570.0,29107.0,4021675.0,9.2,444662.0,129.0,713.0,126.0,75682.0,8.0,15726.0
96,2021-07-20,5006.0,857461.0,6283.0,5557612.0,23238.0,3992568.0,9.4,445675.0,131.0,662.0,122.0,75556.0,8.0,15718.0
97,2021-07-19,6006.0,852455.0,6130.0,5551329.0,22402.0,3969330.0,9.4,445177.0,128.0,647.0,117.0,75434.0,6.0,15710.0
98,2021-07-18,4416.0,846449.0,5259.0,5545199.0,23987.0,3946928.0,9.0,446093.0,111.0,574.0,101.0,75317.0,7.0,15704.0
99,2021-07-17,4975.0,842033.0,10690.0,5539940.0,36127.0,3922941.0,8.8,442746.0,114.0,590.0,100.0,75216.0,3.0,15697.0
100,2021-07-16,7013.0,837058.0,9002.0,5529250.0,30081.0,3886814.0,8.5,438027.0,117.0,583.0,85.0,75116.0,2.0,15694.0
101,2021-07-15,7642.0,830045.0,10015.0,5520248.0,29792.0,3856733.0,7.9,427494.0,117.0,575.0,83.0,75031.0,2.0,15692.0
102,2021-07-14,6398.0,822403.0,9328.0,5510233.0,29802.0,3826941.0,7.2,417141.0,112.0,540.0,86.0,74948.0,3.0,15690.0
103,2021-07-13,5200.0,816005.0,9281.0,5500905.0,21664.0,3797139.0,6.8,414019.0,101.0,514.0,88.0,74862.0,4.0,15687.0
104,2021-07-12,4872.0,810805.0,8660.0,5491624.0,18646.0,3775475.0,6.5,413828.0,103.0,514.0,96.0,74774.0,2.0,15683.0
105,2021-07-11,3223.0,805933.0,6745.0,5482964.0,14863.0,3756829.0,6.2,417691.0,94.0,467.0,66.0,74678.0,0.0,15681.0
106,2021-07-10,3188.0,802710.0,15526.0,5476219.0,31015.0,3741966.0,6.0,417279.0,87.0,440.0,64.0,74612.0,3.0,15681.0
107,2021-07-09,3588.0,799522.0,15367.0,5460693.0,27188.0,3710951.0,5.9,416113.0,84.0,435.0,68.0,74548.0,2.0,15678.0
108,2021-07-08,3586.0,795934.0,16191.0,5445326.0,25008.0,3683763.0,5.8,411263.0,75.0,411.0,79.0,74480.0,2.0,15676.0
109,2021-07-07,4413.0,792348.0,13125.0,5429135.0,26840.0,3658755.0,5.6,410329.0,74.0,397.0,62.0,74401.0,2.0,15674.0
110,2021-07-06,3936.0,787935.0,11218.0,5416010.0,20430.0,3631915.0,5.4,402751.0,74.0,381.0,52.0,74339.0,2.0,15672.0
111,2021-07-05,3761.0,783999.0,13299.0,5404792.0,21391.0,3611485.0,5.2,394467.0,76.0,364.0,55.0,74287.0,2.0,15670.0
112,2021-07-04,2568.0,780238.0,13264.0,5391493.0,16669.0,3590094.0,5.0,393166.0,73.0,331.0,54.0,74232.0,1.0,15668.0
113,2021-07-03,2625.0,777670.0,21658.0,5378229.0,29241.0,3573425.0,4.9,390573.0,72.0,318.0,42.0,74178.0,3.0,15667.0
114,2021-07-02,2879.0,775045.0,18708.0,5356571.0,26599.0,3544184.0,4.7,383721.0,70.0,323.0,32.0,74136.0,2.0,15664.0
115,2021-07-01,3012.0,772166.0,20395.0,5337863.0,28410.0,3517585.0,4.5,375717.0,74.0,329.0,30.0,74104.0,3.0,15662.0
116,2021-06-30,3010.0,769154.0,21228.0,5317468.0,31161.0,3489175.0,4.4,365759.0,71.0,314.0,51.0,74074.0,4.0,15659.0
117,2021-06-29,2924.0,766144.0,20824.0,5296240.0,22967.0,3458014.0,4.1,357313.0,68.0,301.0,51.0,74023.0,3.0,15655.0
118,2021-06-28,2809.0,763220.0,21158.0,5275416.0,21688.0,3435047.0,3.9,348824.0,66.0,302.0,31.0,73972.0,0.0,15652.0
119,2021-06-27,1851.0,760411.0,25183.0,5254258.0,21777.0,3413359.0,3.6,344545.0,53.0,243.0,38.0,73941.0,3.0,15652.0
120,2021-06-26,1684.0,758560.0,39648.0,5229075.0,32370.0,3391582.0,3.4,342604.0,59.0,266.0,35.0,73903.0,0.0,15649.0
121,2021-06-25,2012.0,756876.0,33789.0,5189427.0,30441.0,3359212.0,3.2,338869.0,62.0,286.0,26.0,73868.0,3.0,15649.0
122,2021-06-24,1908.0,754864.0,36553.0,5155638.0,27139.0,3328771.0,3.0,333420.0,67.0,286.0,22.0,73842.0,3.0,15646.0
123,2021-06-23,1925.0,752956.0,30954.0,5119085.0,25539.0,3301632.0,2.8,332411.0,61.0,280.0,29.0,73820.0,0.0,15643.0
124,2021-06-22,1757.0,751031.0,29630.0,5088131.0,23724.0,3276093.0,2.6,329550.0,60.0,300.0,26.0,73791.0,0.0,15643.0
125,2021-06-21,1627.0,749274.0,22584.0,5058501.0,19851.0,3252369.0,2.5,326596.0,56.0,303.0,19.0,73765.0,2.0,15643.0
126,2021-06-20,951.0,747647.0,33641.0,5035917.0,16184.0,3232518.0,2.4,330864.0,50.0,272.0,32.0,73746.0,1.0,15641.0
127,2021-06-19,902.0,746696.0,53705.0,5002276.0,32386.0,3216334.0,2.3,328149.0,57.0,286.0,31.0,73714.0,2.0,15640.0
128,2021-06-18,994.0,745794.0,39562.0,4948571.0,31888.0,3183948.0,2.3,324706.0,55.0,289.0,26.0,73683.0,4.0,15638.0
129,2021-06-17,1261.0,744800.0,38347.0,4909009.0,30975.0,3152060.0,2.3,320369.0,53.0,300.0,31.0,73657.0,2.0,15634.0
130,2021-06-16,1139.0,743539.0,32852.0,4870662.0,30416.0,3121085.0,2.2,319926.0,54.0,277.0,25.0,73626.0,1.0,15632.0
131,2021-06-15,1256.0,742400.0,29750.0,4837810.0,27877.0,3090669.0,2.2,318324.0,51.0,289.0,37.0,73601.0,1.0,15631.0
132,2021-06-14,1174.0,741144.0,22065.0,4808060.0,28525.0,3062792.0,2.1,320645.0,51.0,285.0,33.0,73564.0,0.0,15630.0
133,2021-06-13,750.0,739970.0,29377.0,4785995.0,19684.0,3034267.0,2.0,317566.0,51.0,261.0,34.0,73531.0,1.0,15630.0
134,2021-06-12,752.0,739220.0,46728.0,4756618.0,33768.0,3014583.0,2.0,318080.0,50.0,250.0,27.0,73497.0,5.0,15629.0
135,2021-06-11,916.0,738468.0,37929.0,4709890.0,36283.0,2980815.0,1.9,317938.0,51.0,262.0,28.0,73470.0,0.0,15624.0
136,2021-06-10,975.0,737552.0,36550.0,4671961.0,36026.0,2944532.0,1.9,315206.0,46.0,266.0,29.0,73442.0,0.0,15624.0
137,2021-06-09,1046.0,736577.0,29744.0,4635411.0,36211.0,2908506.0,1.8,307566.0,47.0,270.0,33.0,73413.0,2.0,15624.0
138,2021-06-08,1061.0,735531.0,22198.0,4605667.0,33722.0,2872295.0,1.8,300511.0,45.0,249.0,20.0,73380.0,1.0,15622.0
139,2021-06-07,985.0,734470.0,19073.0,4583469.0,33940.0,2838573.0,1.7,291106.0,42.0,252.0,17.0,73360.0,0.0,15621.0
140,2021-06-06,650.0,733485.0,29164.0,4564396.0,24418.0,2804633.0,1.6,276984.0,41.0,237.0,27.0,73343.0,2.0,15621.0
141,2021-06-05,584.0,732835.0,39382.0,4535232.0,43914.0,2780215.0,1.6,272493.0,40.0,234.0,16.0,73316.0,1.0,15619.0
142,2021-06-04,679.0,732251.0,33922.0,4495850.0,38919.0,2736301.0,1.5,271016.0,41.0,247.0,16.0,73300.0,1.0,15618.0
143,2021-06-03,769.0,731572.0,34616.0,4461928.0,38784.0,2697382.0,1.4,271962.0,41.0,238.0,20.0,73284.0,1.0,15617.0
144,2021-06-02,794.0,730803.0,28924.0,4427312.0,35816.0,2658598.0,1.3,280237.0,40.0,241.0,19.0,73264.0,1.0,15616.0
145,2021-06-01,683.0,730009.0,21427.0,4398388.0,33913.0,2622782.0,1.1,287999.0,40.0,236.0,29.0,73245.0,0.0,15615.0
146,2021-05-31,475.0,729326.0,25029.0,4376961.0,22696.0,2588869.0,1.0,293703.0,42.0,234.0,20.0,73216.0,0.0,15615.0
147,2021-05-30,387.0,728851.0,24448.0,4351932.0,17512.0,2566173.0,0.9,315333.0,41.0,233.0,18.0,73196.0,1.0,15615.0
148,2021-05-29,375.0,728464.0,37002.0,4327484.0,37557.0,2548661.0,0.9,314776.0,43.0,235.0,17.0,73178.0,1.0,15614.0
149,2021-05-28,412.0,728089.0,38579.0,4290482.0,44267.0,2511104.0,0.8,312271.0,45.0,234.0,19.0,73161.0,0.0,15613.0
150,2021-05-27,499.0,727677.0,46972.0,4251903.0,45294.0,2466837.0,0.8,304558.0,42.0,234.0,17.0,73142.0,1.0,15613.0
151,2021-05-26,473.0,727178.0,37060.0,4204931.0,40893.0,2421543.0,0.8,291238.0,50.0,238.0,19.0,73125.0,3.0,15612.0
152,2021-05-25,402.0,726705.0,29752.0,4167871.0,38465.0,2380650.0,0.8,273973.0,49.0,242.0,16.0,73106.0,0.0,15609.0
153,2021-05-24,358.0,726303.0,19524.0,4138119.0,34799.0,2342185.0,0.8,259391.0,47.0,244.0,17.0,73090.0,1.0,15609.0
154,2021-05-23,268.0,725945.0,22682.0,4118595.0,27264.0,2307386.0,0.8,254005.0,46.0,236.0,13.0,73073.0,1.0,15608.0
155,2021-05-22,234.0,725677.0,36464.0,4095913.0,50104.0,2280122.0,0.8,252821.0,45.0,233.0,14.0,73060.0,0.0,15607.0
156,2021-05-21,263.0,725443.0,35450.0,4059449.0,47603.0,2230018.0,0.8,252173.0,53.0,254.0,13.0,73046.0,0.0,15607.0
157,2021-05-20,315.0,725180.0,38653.0,4023999.0,43676.0,2182415.0,0.8,247814.0,49.0,248.0,24.0,73033.0,2.0,15607.0
158,2021-05-19,339.0,724865.0,36704.0,3985346.0,38335.0,2138739.0,0.7,240265.0,48.0,241.0,14.0,73009.0,0.0,15605.0
159,2021-05-18,314.0,724526.0,24277.0,3948642.0,33486.0,2100404.0,0.7,233334.0,47.0,245.0,19.0,72995.0,0.0,15605.0
160,2021-05-17,324.0,724212.0,18096.0,3924365.0,28094.0,2066918.0,0.7,229612.0,50.0,259.0,19.0,72976.0,0.0,15605.0
161,2021-05-16,205.0,723888.0,20247.0,3906269.0,21797.0,2038824.0,0.7,229288.0,47.0,261.0,11.0,72957.0,1.0,15605.0
162,2021-05-15,186.0,723683.0,35483.0,3886022.0,37422.0,2017027.0,0.7,228473.0,48.0,258.0,11.0,72946.0,2.0,15604.0
163,2021-05-14,237.0,723497.0,36029.0,3850539.0,43590.0,1979605.0,0.7,224454.0,51.0,251.0,12.0,72935.0,0.0,15602.0
164,2021-05-13,249.0,723260.0,31587.0,3814510.0,39235.0,1936015.0,0.7,223233.0,55.0,266.0,15.0,72923.0,0.0,15602.0
165,2021-05-12,219.0,723011.0,24993.0,3782923.0,41680.0,1896780.0,0.7,224751.0,56.0,275.0,12.0,72908.0,0.0,15602.0
166,2021-05-11,279.0,722792.0,20099.0,3757930.0,41843.0,1855100.0,0.8,225895.0,54.0,281.0,17.0,72896.0,0.0,15602.0
167,2021-05-10,339.0,722513.0,13838.0,3737831.0,24959.0,1813257.0,0.7,227240.0,59.0,281.0,17.0,72879.0,2.0,15602.0
168,2021-05-09,262.0,722174.0,10911.0,3723993.0,24662.0,1788298.0,0.7,217915.0,57.0,274.0,16.0,72862.0,0.0,15600.0
169,2021-05-08,175.0,721912.0,21034.0,3713082.0,48147.0,1763636.0,0.7,216202.0,58.0,275.0,10.0,72846.0,0.0,15600.0
170,2021-05-07,225.0,721737.0,21294.0,3692048.0,52563.0,1715489.0,0.7,216339.0,62.0,272.0,15.0,72836.0,2.0,15600.0
171,2021-05-06,280.0,721512.0,22151.0,3670754.0,51788.0,1662926.0,0.7,212868.0,61.0,283.0,13.0,72821.0,0.0,15598.0
172,2021-05-05,264.0,721232.0,21556.0,3648603.0,38992.0,1611138.0,0.7,210889.0,65.0,284.0,17.0,72808.0,3.0,15598.0
173,2021-05-04,293.0,720968.0,18575.0,3627047.0,26792.0,1572146.0,0.7,208044.0,69.0,292.0,6.0,72791.0,1.0,15595.0
174,2021-05-03,234.0,720675.0,9144.0,3608472.0,8348.0,1545354.0,0.7,204243.0,70.0,316.0,11.0,72785.0,1.0,15594.0
175,2021-05-02,173.0,720441.0,10592.0,3599328.0,12961.0,1537006.0,0.7,223777.0,69.0,308.0,11.0,72774.0,1.0,15593.0
176,2021-05-01,167.0,720268.0,19722.0,3588736.0,31293.0,1524045.0,0.7,227075.0,67.0,299.0,12.0,72763.0,1.0,15592.0
177,2021-04-30,224.0,720101.0,18907.0,3569014.0,39012.0,1492752.0,0.7,230002.0,71.0,315.0,11.0,72751.0,1.0,15591.0
178,2021-04-29,196.0,719877.0,20655.0,3550107.0,42610.0,1453740.0,0.7,239326.0,73.0,339.0,15.0,72740.0,0.0,15590.0
179,2021-04-28,287.0,719681.0,20590.0,3529452.0,40902.0,1411130.0,0.7,253768.0,78.0,353.0,14.0,72725.0,5.0,15590.0
180,2021-04-27,271.0,719394.0,14622.0,3508862.0,37540.0,1370228.0,0.7,274782.0,80.0,368.0,21.0,72711.0,2.0,15585.0
181,2021-04-26,294.0,719123.0,10448.0,3494240.0,25026.0,1332688.0,0.7,285527.0,85.0,376.0,13.0,72690.0,0.0,15583.0
182,2021-04-25,263.0,718829.0,7073.0,3483792.0,22731.0,1307662.0,0.7,296279.0,91.0,375.0,17.0,72677.0,2.0,15583.0
183,2021-04-24,221.0,718566.0,17647.0,3476719.0,39958.0,1284931.0,0.7,301731.0,93.0,403.0,15.0,72660.0,1.0,15581.0
184,2021-04-23,231.0,718345.0,16662.0,3459072.0,46606.0,1244973.0,0.7,308327.0,91.0,418.0,22.0,72645.0,0.0,15580.0
185,2021-04-22,301.0,718114.0,17994.0,3442410.0,42860.0,1198367.0,0.7,316610.0,91.0,423.0,14.0,72623.0,0.0,15580.0
186,2021-04-21,343.0,717813.0,19685.0,3424416.0,44821.0,1155507.0,0.7,320567.0,96.0,453.0,18.0,72609.0,1.0,15580.0
187,2021-04-20,340.0,717470.0,16036.0,3404731.0,33481.0,1110686.0,0.7,314487.0,107.0,439.0,15.0,72591.0,2.0,15579.0
188,2021-04-19,361.0,717130.0,14968.0,3388695.0,28540.0,1077205.0,0.7,308997.0,106.0,460.0,18.0,72576.0,3.0,15577.0
189,2021-04-18,359.0,716769.0,11563.0,3373727.0,25701.0,1048665.0,0.7,296831.0,104.0,467.0,17.0,72558.0,1.0,15574.0
190,2021-04-17,219.0,716410.0,18910.0,3362164.0,48587.0,1022964.0,0.8,288366.0,103.0,476.0,9.0,72541.0,1.0,15573.0
191,2021-04-16,304.0,716191.0,19181.0,3343254.0,52621.0,974377.0,0.8,277379.0,105.0,501.0,14.0,72532.0,2.0,15572.0
192,2021-04-15,296.0,715887.0,16654.0,3324073.0,48455.0,921756.0,0.9,261207.0,102.0,498.0,14.0,72518.0,2.0,15570.0
193,2021-04-14,271.0,715591.0,21888.0,3307419.0,43741.0,873301.0,1.0,242110.0,106.0,513.0,21.0,72504.0,0.0,15568.0
194,2021-04-13,276.0,715320.0,5495.0,3285531.0,30885.0,829560.0,1.1,226268.0,110.0,521.0,20.0,72483.0,2.0,15568.0
195,2021-04-12,326.0,715044.0,4091.0,3280036.0,20480.0,798675.0,1.1,219375.0,111.0,520.0,26.0,72463.0,0.0,15566.0
196,2021-04-11,292.0,714718.0,6601.0,3275945.0,17555.0,778195.0,1.1,211105.0,113.0,520.0,28.0,72437.0,3.0,15566.0
197,2021-04-10,274.0,714426.0,12068.0,3269344.0,45887.0,760640.0,1.1,207048.0,115.0,538.0,25.0,72409.0,3.0,15563.0
198,2021-04-09,351.0,714152.0,9763.0,3257276.0,47717.0,714753.0,1.1,206113.0,118.0,561.0,21.0,72384.0,1.0,15560.0
199,2021-04-08,311.0,713801.0,8976.0,3247513.0,48867.0,667036.0,1.1,192767.0,122.0,569.0,27.0,72363.0,2.0,15559.0
200,2021-04-07,337.0,713490.0,8435.0,3238537.0,49653.0,618169.0,1.2,189797.0,121.0,577.0,26.0,72336.0,2.0,15557.0
201,2021-04-06,331.0,713153.0,9311.0,3230102.0,20983.0,568516.0,1.2,185229.0,126.0,601.0,22.0,72310.0,1.0,15555.0
202,2021-04-05,243.0,712822.0,4107.0,3220791.0,2777.0,547533.0,1.2,180672.0,129.0,636.0,23.0,72288.0,1.0,15554.0
203,2021-04-04,212.0,712579.0,3259.0,3216684.0,2358.0,544756.0,1.2,198879.0,130.0,637.0,23.0,72265.0,1.0,15553.0
204,2021-04-03,237.0,712367.0,10699.0,3213425.0,15027.0,542398.0,1.3,202154.0,134.0,630.0,25.0,72242.0,4.0,15552.0
205,2021-04-02,250.0,712130.0,8598.0,3202726.0,22624.0,527371.0,1.3,203877.0,137.0,652.0,27.0,72217.0,0.0,15548.0
206,2021-04-01,335.0,711880.0,15515.0,3194128.0,57918.0,504747.0,1.3,214744.0,147.0,668.0,25.0,72190.0,3.0,15548.0
207,2021-03-31,302.0,711545.0,28979.0,3178613.0,47675.0,446829.0,1.3,217484.0,153.0,689.0,30.0,72165.0,2.0,15545.0
208,2021-03-30,357.0,711243.0,21455.0,3149634.0,33133.0,399154.0,1.4,219865.0,154.0,717.0,29.0,72135.0,2.0,15543.0
209,2021-03-29,399.0,710886.0,23595.0,3128179.0,19006.0,366021.0,1.4,222375.0,158.0,733.0,23.0,72106.0,2.0,15541.0
210,2021-03-28,470.0,710487.0,24862.0,3104584.0,7516.0,347015.0,1.4,227274.0,153.0,737.0,32.0,72083.0,2.0,15539.0
211,2021-03-27,300.0,710017.0,45653.0,3079722.0,15134.0,339499.0,1.4,228511.0,159.0,742.0,29.0,72051.0,6.0,15537.0
212,2021-03-26,425.0,709717.0,48126.0,3034069.0,25082.0,324365.0,1.4,230151.0,159.0,799.0,26.0,72022.0,2.0,15531.0
213,2021-03-25,454.0,709292.0,38795.0,2985943.0,28564.0,299283.0,1.4,229006.0,169.0,811.0,33.0,71996.0,1.0,15529.0
214,2021-03-24,614.0,708838.0,37871.0,2947148.0,29737.0,270719.0,1.5,228065.0,190.0,840.0,27.0,71963.0,5.0,15528.0
215,2021-03-23,480.0,708224.0,33684.0,2909277.0,17683.0,240982.0,1.4,227835.0,195.0,876.0,33.0,71936.0,1.0,15523.0
216,2021-03-22,539.0,707744.0,33610.0,2875593.0,7795.0,223299.0,1.5,226230.0,198.0,922.0,31.0,71903.0,6.0,15522.0
217,2021-03-21,459.0,707205.0,33432.0,2841983.0,2672.0,215504.0,1.5,227224.0,209.0,928.0,28.0,71872.0,3.0,15516.0
218,2021-03-20,377.0,706746.0,66401.0,2808551.0,6838.0,212832.0,1.5,225177.0,211.0,941.0,31.0,71844.0,2.0,15513.0
219,2021-03-19,443.0,706369.0,65575.0,2742150.0,12875.0,205994.0,1.5,224190.0,237.0,986.0,42.0,71813.0,3.0,15511.0
220,2021-03-18,478.0,705926.0,48483.0,2676575.0,15348.0,193119.0,1.5,222399.0,260.0,1023.0,33.0,71771.0,2.0,15508.0
221,2021-03-17,455.0,705448.0,48865.0,2628092.0,11937.0,177771.0,1.6,220931.0,274.0,1082.0,27.0,71738.0,7.0,15506.0
222,2021-03-16,505.0,704993.0,43744.0,2579227.0,9207.0,165834.0,1.6,217611.0,287.0,1138.0,45.0,71711.0,5.0,15499.0
223,2021-03-15,598.0,704488.0,39395.0,2535483.0,4633.0,156627.0,1.7,214476.0,298.0,1185.0,40.0,71666.0,6.0,15494.0
224,2021-03-14,362.0,703890.0,22157.0,2496088.0,2311.0,151994.0,1.7,217445.0,308.0,1181.0,41.0,71626.0,5.0,15488.0
225,2021-03-13,363.0,703528.0,43140.0,2473931.0,4875.0,149683.0,1.7,219346.0,308.0,1190.0,48.0,71585.0,9.0,15483.0
226,2021-03-12,514.0,703165.0,37826.0,2430791.0,8207.0,144808.0,1.7,220737.0,310.0,1273.0,39.0,71537.0,1.0,15474.0
227,2021-03-11,454.0,702651.0,23238.0,2392965.0,6447.0,136601.0,1.7,220313.0,336.0,1335.0,47.0,71498.0,6.0,15473.0
228,2021-03-10,531.0,702197.0,32881.0,2369727.0,7767.0,130154.0,1.8,221219.0,339.0,1400.0,52.0,71451.0,10.0,15467.0
229,2021-03-09,590.0,701666.0,29432.0,2336846.0,7470.0,122387.0,1.8,221960.0,358.0,1481.0,67.0,71399.0,8.0,15457.0
230,2021-03-08,563.0,701076.0,21851.0,2307414.0,3990.0,114917.0,1.9,220992.0,379.0,1551.0,56.0,71332.0,7.0,15449.0
231,2021-03-07,408.0,700513.0,19003.0,2285563.0,944.0,110927.0,1.9,223724.0,393.0,1562.0,58.0,71276.0,9.0,15442.0
232,2021-03-06,402.0,700105.0,47625.0,2266560.0,3492.0,109983.0,2.0,221723.0,417.0,1618.0,49.0,71218.0,13.0,15433.0
233,2021-03-05,500.0,699703.0,43520.0,2218935.0,6594.0,106491.0,2.1,220051.0,448.0,1723.0,62.0,71169.0,15.0,15420.0
234,2021-03-04,510.0,699203.0,38241.0,2175415.0,6006.0,99897.0,2.2,218350.0,458.0,1821.0,88.0,71107.0,12.0,15405.0
235,2021-03-03,580.0,698693.0,32814.0,2137174.0,6109.0,93891.0,2.3,216003.0,479.0,1861.0,67.0,71019.0,7.0,15393.0
236,2021-03-02,657.0,698113.0,30002.0,2104360.0,3831.0,87782.0,2.4,212574.0,485.0,1932.0,95.0,70952.0,14.0,15386.0
237,2021-03-01,549.0,697456.0,21611.0,2074358.0,1974.0,83951.0,2.6,208104.0,511.0,2018.0,89.0,70857.0,20.0,15372.0
238,2021-02-28,474.0,696907.0,23280.0,2052747.0,964.0,81977.0,2.9,205722.0,455.0,1828.0,97.0,70768.0,10.0,15352.0
239,2021-02-27,499.0,696433.0,50553.0,2029467.0,2375.0,81013.0,3.1,202301.0,540.0,2102.0,64.0,70671.0,12.0,15342.0
240,2021-02-26,621.0,695934.0,56309.0,1978914.0,2895.0,78638.0,3.3,198639.0,556.0,2253.0,72.0,70607.0,15.0,15330.0
241,2021-02-25,650.0,695313.0,58039.0,1922605.0,3040.0,75743.0,3.6,195910.0,577.0,2371.0,110.0,70535.0,19.0,15315.0
242,2021-02-24,734.0,694663.0,54890.0,1864566.0,2683.0,72703.0,3.8,195562.0,604.0,2503.0,105.0,70425.0,20.0,15296.0
243,2021-02-23,916.0,693929.0,46378.0,1809676.0,1389.0,70020.0,4.1,195178.0,552.0,2490.0,103.0,70320.0,19.0,15276.0
244,2021-02-22,1021.0,693013.0,23865.0,1763298.0,755.0,68631.0,4.2,194705.0,653.0,2737.0,129.0,70217.0,21.0,15257.0
245,2021-02-21,738.0,691992.0,14890.0,1739433.0,126.0,67876.0,4.5,194852.0,667.0,2734.0,127.0,70088.0,38.0,15236.0
246,2021-02-20,798.0,691254.0,41137.0,1724543.0,263.0,67750.0,4.7,193672.0,667.0,2803.0,110.0,69961.0,31.0,15198.0
247,2021-02-19,1027.0,690456.0,46819.0,1683406.0,966.0,67487.0,4.7,192789.0,705.0,3048.0,150.0,69851.0,33.0,15167.0
248,2021-02-18,1102.0,689429.0,50890.0,1636587.0,1182.0,66521.0,5.0,192496.0,706.0,3059.0,142.0,69701.0,37.0,15134.0
249,2021-02-17,1085.0,688327.0,56082.0,1585697.0,886.0,65339.0,5.2,192805.0,749.0,3292.0,150.0,69559.0,40.0,15097.0
250,2021-02-16,1196.0,687242.0,45061.0,1529615.0,533.0,64453.0,5.5,193904.0,790.0,3500.0,166.0,69409.0,43.0,15057.0
251,2021-02-15,1380.0,686046.0,26276.0,1484554.0,176.0,63920.0,5.8,194830.0,834.0,3603.0,179.0,69243.0,44.0,15014.0
252,2021-02-14,881.0,684666.0,29468.0,1458278.0,48.0,63744.0,6.0,196497.0,855.0,3595.0,196.0,69064.0,37.0,14970.0
253,2021-02-13,867.0,683785.0,39310.0,1428810.0,125.0,63696.0,6.2,198817.0,865.0,3562.0,175.0,68868.0,41.0,14933.0
254,2021-02-12,1276.0,682918.0,50102.0,1389500.0,309.0,63571.0,6.6,201659.0,859.0,3882.0,190.0,68693.0,41.0,14892.0
255,2021-02-11,1440.0,681642.0,44274.0,1339398.0,564.0,63262.0,6.9,205145.0,888.0,4079.0,217.0,68503.0,42.0,14851.0
256,2021-02-10,1530.0,680202.0,34559.0,1295124.0,479.0,62698.0,7.3,209931.0,905.0,4279.0,243.0,68286.0,64.0,14809.0
257,2021-02-09,1660.0,678672.0,30410.0,1260565.0,257.0,62219.0,7.8,215078.0,934.0,4574.0,232.0,68043.0,56.0,14745.0
258,2021-02-08,1803.0,677012.0,22809.0,1230155.0,118.0,61962.0,8.2,221624.0,951.0,4743.0,287.0,67811.0,66.0,14689.0
259,2021-02-07,1345.0,675209.0,20174.0,1207346.0,125.0,61844.0,8.7,226941.0,977.0,4729.0,302.0,67524.0,66.0,14623.0
260,2021-02-06,1542.0,673864.0,36565.0,1187172.0,75.0,61719.0,9.2,227140.0,1016.0,4787.0,236.0,67222.0,76.0,14557.0
261,2021-02-05,2114.0,672322.0,45296.0,1150607.0,155.0,61644.0,9.7,227467.0,1026.0,5066.0,292.0,66986.0,91.0,14481.0
262,2021-02-04,2463.0,670208.0,42870.0,1105311.0,330.0,61489.0,10.3,230223.0,1032.0,5212.0,329.0,66694.0,66.0,14390.0
263,2021-02-03,2695.0,667745.0,38016.0,1062441.0,272.0,61159.0,10.5,242393.0,1067.0,5462.0,349.0,66365.0,107.0,14324.0
264,2021-02-02,2942.0,665050.0,34997.0,1024425.0,205.0,60887.0,11.2,242960.0,1075.0,5723.0,357.0,66016.0,96.0,14217.0
265,2021-02-01,3290.0,662108.0,33696.0,989428.0,314.0,60682.0,11.7,245100.0,1090.0,5881.0,421.0,65659.0,92.0,14121.0
266,2021-01-31,2228.0,658818.0,40614.0,955732.0,563.0,60368.0,12.2,251571.0,1065.0,5654.0,394.0,65238.0,101.0,14029.0
267,2021-01-30,2621.0,656590.0,49109.0,915118.0,360.0,59805.0,12.6,253292.0,1139.0,5918.0,370.0,64844.0,86.0,13928.0
268,2021-01-29,3374.0,653969.0,56516.0,866009.0,463.0,59445.0,13.1,257180.0,1131.0,6064.0,423.0,64474.0,121.0,13842.0
269,2021-01-28,3855.0,650595.0,44757.0,809493.0,307.0,58982.0,14.0,259430.0,1208.0,6393.0,473.0,64051.0,125.0,13721.0
270,2021-01-27,4200.0,646740.0,36505.0,764736.0,138.0,58675.0,15.3,252945.0,1172.0,6272.0,485.0,63578.0,126.0,13596.0
271,2021-01-26,4139.0,642540.0,32552.0,728231.0,126.0,58537.0,15.9,257381.0,1158.0,6785.0,472.0,63093.0,125.0,13470.0
272,2021-01-25,4956.0,638401.0,25680.0,695679.0,59.0,58411.0,16.6,266145.0,1200.0,7014.0,478.0,62621.0,155.0,13345.0
273,2021-01-24,3114.0,633445.0,23181.0,669999.0,93.0,58352.0,17.3,276568.0,1220.0,7030.0,544.0,62143.0,151.0,13190.0
274,2021-01-23,4143.0,630331.0,44903.0,646818.0,121.0,58259.0,17.8,283619.0,1217.0,7044.0,520.0,61599.0,158.0,13039.0
275,2021-01-22,5563.0,626188.0,47680.0,601915.0,104.0,58138.0,18.3,287938.0,1219.0,7298.0,580.0,61079.0,160.0,12881.0
276,2021-01-21,5784.0,620625.0,38434.0,554235.0,813.0,58034.0,18.9,292987.0,1217.0,7332.0,598.0,60499.0,183.0,12721.0
277,2021-01-20,6237.0,614841.0,39739.0,515801.0,634.0,57221.0,19.7,298638.0,1208.0,7588.0,660.0,59901.0,185.0,12538.0
278,2021-01-19,6993.0,608604.0,34591.0,476062.0,358.0,56587.0,20.2,306890.0,1207.0,7711.0,742.0,59241.0,206.0,12353.0
279,2021-01-18,8292.0,601611.0,16077.0,441471.0,197.0,56229.0,20.5,316300.0,1220.0,7917.0,704.0,58499.0,202.0,12147.0
280,2021-01-17,5381.0,593319.0,16883.0,425394.0,101.0,56032.0,20.7,327159.0,1203.0,7707.0,652.0,57795.0,207.0,11945.0
281,2021-01-16,6160.0,587938.0,30024.0,408511.0,275.0,55931.0,20.9,334232.0,1206.0,7571.0,758.0,57143.0,198.0,11738.0
282,2021-01-15,8181.0,581778.0,40642.0,378487.0,744.0,55656.0,21.1,343715.0,1184.0,7811.0,670.0,56385.0,183.0,11540.0
283,2021-01-14,8912.0,573597.0,39458.0,337845.0,1320.0,54912.0,21.2,352715.0,1163.0,7840.0,763.0,55715.0,196.0,11357.0
284,2021-01-13,9308.0,564685.0,30898.0,298387.0,1956.0,53592.0,21.4,363948.0,1138.0,7686.0,804.0,54952.0,198.0,11161.0
285,2021-01-12,9820.0,555377.0,18400.0,267489.0,2560.0,51636.0,21.8,376697.0,1085.0,7606.0,875.0,54148.0,192.0,10963.0
286,2021-01-11,11535.0,545557.0,13497.0,249089.0,3325.0,49076.0,22.5,387320.0,1073.0,7799.0,795.0,53273.0,184.0,10771.0
287,2021-01-10,7462.0,534022.0,11474.0,235592.0,5137.0,45751.0,23.1,401746.0,1044.0,7494.0,734.0,52478.0,192.0,10587.0
288,2021-01-09,8727.0,526560.0,17972.0,224118.0,5953.0,40614.0,23.9,412487.0,1020.0,7224.0,832.0,51744.0,179.0,10395.0
289,2021-01-08,10514.0,517833.0,26589.0,206146.0,9405.0,34661.0,24.3,426094.0,1015.0,7277.0,813.0,50912.0,175.0,10216.0
290,2021-01-07,12054.0,507319.0,21581.0,179557.0,10737.0,25256.0,25.1,397154.0,961.0,7231.0,820.0,50099.0,186.0,10041.0
291,2021-01-06,13535.0,495265.0,14748.0,157976.0,8925.0,14519.0,25.7,388825.0,908.0,7034.0,977.0,49279.0,160.0,9855.0
292,2021-01-05,14528.0,481730.0,10013.0,143228.0,3734.0,5594.0,25.8,401845.0,866.0,6816.0,913.0,48302.0,177.0,9695.0
293,2021-01-04,17217.0,467202.0,4507.0,133215.0,715.0,1860.0,26.2,414153.0,814.0,6733.0,830.0,47389.0,160.0,9518.0
294,2021-01-03,13106.0,449985.0,844.0,128708.0,93.0,1145.0,26.3,386130.0,772.0,6358.0,865.0,46559.0,136.0,9358.0
295,2021-01-02,13623.0,436879.0,3018.0,127864.0,134.0,1052.0,26.5,382085.0,713.0,5861.0,828.0,45694.0,146.0,9222.0
296,2021-01-01,6737.0,423256.0,2961.0,124846.0,17.0,918.0,27.5,361314.0,657.0,5511.0,796.0,44866.0,135.0,9076.0
297,2020-12-31,12391.0,416519.0,12414.0,121885.0,323.0,901.0,27.8,347997.0,664.0,5685.0,708.0,44070.0,129.0,8941.0
298,2020-12-30,17298.0,404128.0,14962.0,109471.0,324.0,578.0,27.7,336681.0,640.0,5524.0,681.0,43362.0,124.0,8812.0
299,2020-12-29,19865.0,386830.0,7077.0,94509.0,254.0,254.0,26.6,329362.0,599.0,5371.0,679.0,42681.0,109.0,8688.0
300,2020-12-28,10667.0,366965.0,1095.0,87432.0,-999.0,-999.0,24.1,334296.0,556.0,4957.0,739.0,42002.0,102.0,8579.0
301,2020-12-27,13123.0,356298.0,998.0,86337.0,-999.0,-999.0,21.6,384173.0,520.0,4591.0,629.0,41263.0,103.0,8477.0
302,2020-12-26,11861.0,343175.0,823.0,85339.0,-999.0,-999.0,19.6,398994.0,489.0,4276.0,607.0,40634.0,93.0,8374.0
303,2020-12-25,4322.0,331314.0,195.0,84516.0,-999.0,-999.0,17.7,411622.0,455.0,4019.0,578.0,40027.0,88.0,8281.0
304,2020-12-24,9406.0,326992.0,2286.0,84321.0,-999.0,-999.0,16.9,468836.0,462.0,3966.0,492.0,39449.0,65.0,8193.0
305,2020-12-23,12312.0,317586.0,6127.0,82035.0,-999.0,-999.0,16.2,493908.0,411.0,3578.0,511.0,38957.0,69.0,8128.0
306,2020-12-22,13318.0,305274.0,7018.0,75908.0,-999.0,-999.0,15.7,493766.0,400.0,3559.0,508.0,38446.0,75.0,8059.0
307,2020-12-21,13220.0,291956.0,7703.0,68890.0,-999.0,-999.0,15.2,477611.0,378.0,3367.0,505.0,37938.0,63.0,7984.0
308,2020-12-20,8879.0,278736.0,9018.0,61187.0,-999.0,-999.0,14.9,453328.0,355.0,3067.0,413.0,37433.0,52.0,7921.0
309,2020-12-19,7143.0,269857.0,7076.0,52169.0,-999.0,-999.0,14.9,432546.0,322.0,2909.0,404.0,37020.0,47.0,7869.0
310,2020-12-18,10772.0,262714.0,10384.0,45093.0,-999.0,-999.0,14.8,417370.0,311.0,2726.0,357.0,36616.0,43.0,7822.0
311,2020-12-17,10135.0,251942.0,11767.0,34709.0,-999.0,-999.0,14.5,388012.0,301.0,2607.0,366.0,36259.0,61.0,7779.0
312,2020-12-16,9960.0,241807.0,11329.0,22942.0,-999.0,-999.0,14.0,360961.0,291.0,2543.0,252.0,35893.0,30.0,7718.0
313,2020-12-15,8812.0,231847.0,4931.0,11613.0,-999.0,-999.0,13.4,334233.0,292.0,2482.0,332.0,35641.0,45.0,7688.0
314,2020-12-14,8312.0,223035.0,1399.0,6682.0,-999.0,-999.0,12.7,311495.0,262.0,2330.0,292.0,35309.0,37.0,7643.0
315,2020-12-13,5491.0,214723.0,43.0,5283.0,-999.0,-999.0,12.0,289691.0,256.0,2212.0,287.0,35017.0,29.0,7606.0
316,2020-12-12,4655.0,209232.0,875.0,5240.0,-999.0,-999.0,11.4,274632.0,256.0,2092.0,246.0,34730.0,41.0,7577.0
317,2020-12-11,5466.0,204577.0,1447.0,4365.0,-999.0,-999.0,11.0,262419.0,261.0,2031.0,277.0,34484.0,27.0,7536.0
318,2020-12-10,4989.0,199111.0,1445.0,2918.0,-999.0,-999.0,10.6,249105.0,256.0,1934.0,235.0,34207.0,28.0,7509.0
319,2020-12-09,4403.0,194122.0,900.0,1473.0,-999.0,-999.0,10.0,237483.0,241.0,1787.0,248.0,33972.0,30.0,7481.0
320,2020-12-08,3694.0,189719.0,573.0,573.0,-999.0,-999.0,9.6,231124.0,249.0,1849.0,203.0,33724.0,34.0,7451.0
321,2020-12-07,3705.0,186025.0,,,,,9.2,227332.0,244.0,1822.0,210.0,33521.0,34.0,7417.0
322,2020-12-06,2420.0,182320.0,,,,,8.8,224979.0,242.0,1766.0,179.0,33311.0,27.0,7383.0
323,2020-12-05,2238.0,179900.0,,,,,8.6,222590.0,238.0,1710.0,141.0,33132.0,27.0,7356.0
324,2020-12-04,2910.0,177662.0,,,,,8.4,220655.0,249.0,1659.0,170.0,32991.0,33.0,7329.0
325,2020-12-03,2450.0,174752.0,,,,,8.2,216471.0,256.0,1685.0,156.0,32821.0,34.0,7296.0
326,2020-12-02,2793.0,172302.0,,,,,8.1,214404.0,256.0,1637.0,162.0,32665.0,28.0,7262.0
327,2020-12-01,2455.0,169509.0,,,,,7.9,211692.0,259.0,1701.0,160.0,32503.0,22.0,7234.0
328,2020-11-30,2685.0,167054.0,,,,,7.8,211747.0,253.0,1677.0,146.0,32343.0,26.0,7212.0
329,2020-11-29,1650.0,164369.0,,,,,7.7,211940.0,260.0,1663.0,154.0,32197.0,48.0,7186.0
330,2020-11-28,1638.0,162719.0,,,,,7.7,210731.0,248.0,1635.0,107.0,32043.0,33.0,7138.0
331,2020-11-27,2192.0,161081.0,,,,,7.7,209923.0,267.0,1674.0,124.0,31936.0,21.0,7105.0
332,2020-11-26,2063.0,158889.0,,,,,7.7,208907.0,251.0,1643.0,155.0,31812.0,29.0,7084.0
333,2020-11-25,2235.0,156826.0,,,,,7.9,206686.0,261.0,1611.0,200.0,31657.0,38.0,7055.0
334,2020-11-24,2150.0,154591.0,,,,,8.1,204342.0,253.0,1626.0,131.0,31457.0,30.0,7017.0
335,2020-11-23,2384.0,152441.0,,,,,8.3,205398.0,252.0,1675.0,147.0,31326.0,18.0,6987.0
336,2020-11-22,1479.0,150057.0,,,,,8.5,207877.0,248.0,1605.0,145.0,31179.0,29.0,6969.0
337,2020-11-21,1477.0,148578.0,,,,,8.7,207199.0,251.0,1591.0,165.0,31034.0,19.0,6940.0
338,2020-11-20,2106.0,147101.0,,,,,8.9,206310.0,233.0,1576.0,116.0,30869.0,28.0,6921.0
339,2020-11-19,2179.0,144995.0,,,,,9.2,206967.0,222.0,1551.0,173.0,30753.0,27.0,6893.0
340,2020-11-18,2452.0,142816.0,,,,,9.4,207664.0,220.0,1519.0,179.0,30580.0,20.0,6866.0
341,2020-11-17,2555.0,140364.0,,,,,9.5,209499.0,218.0,1520.0,152.0,30401.0,30.0,6846.0
342,2020-11-16,3072.0,137809.0,,,,,9.6,209152.0,209.0,1474.0,154.0,30249.0,30.0,6816.0
343,2020-11-15,1793.0,134737.0,,,,,9.6,208009.0,214.0,1390.0,170.0,30095.0,19.0,6786.0
344,2020-11-14,1919.0,132944.0,,,,,9.3,214868.0,202.0,1357.0,139.0,29925.0,20.0,6767.0
345,2020-11-13,2692.0,131025.0,,,,,9.0,222511.0,194.0,1298.0,136.0,29786.0,13.0,6747.0
346,2020-11-12,2835.0,128333.0,,,,,8.4,229382.0,178.0,1269.0,152.0,29650.0,20.0,6734.0
347,2020-11-11,2906.0,125498.0,,,,,7.9,235756.0,181.0,1223.0,134.0,29498.0,12.0,6714.0
348,2020-11-10,2721.0,122592.0,,,,,7.3,244955.0,179.0,1211.0,147.0,29364.0,15.0,6702.0
349,2020-11-09,3074.0,119871.0,,,,,6.6,265460.0,179.0,1210.0,136.0,29217.0,28.0,6687.0
350,2020-11-08,1755.0,116797.0,,,,,5.9,300019.0,167.0,1114.0,150.0,29081.0,19.0,6659.0
351,2020-11-07,1648.0,115042.0,,,,,5.8,302440.0,156.0,1108.0,109.0,28931.0,23.0,6640.0
352,2020-11-06,2114.0,113394.0,,,,,5.7,307252.0,155.0,1085.0,101.0,28822.0,16.0,6617.0
353,2020-11-05,2089.0,111280.0,,,,,5.6,316507.0,154.0,1102.0,118.0,28721.0,15.0,6601.0
354,2020-11-04,2046.0,109191.0,,,,,5.5,327399.0,151.0,1132.0,123.0,28603.0,16.0,6586.0
355,2020-11-03,2126.0,107145.0,,,,,5.6,314841.0,147.0,1111.0,103.0,28480.0,13.0,6570.0
356,2020-11-02,2913.0,105019.0,,,,,5.9,294506.0,142.0,1067.0,136.0,28377.0,18.0,6557.0
357,2020-11-01,1203.0,102106.0,,,,,6.2,260488.0,136.0,1032.0,134.0,28241.0,17.0,6539.0
358,2020-10-31,1385.0,100903.0,,,,,6.3,248254.0,132.0,963.0,132.0,28107.0,8.0,6522.0
359,2020-10-30,1869.0,99518.0,,,,,6.6,232848.0,134.0,945.0,126.0,27975.0,14.0,6514.0
360,2020-10-29,2009.0,97649.0,,,,,7.1,211184.0,131.0,921.0,140.0,27849.0,12.0,6500.0
361,2020-10-28,1969.0,95640.0,,,,,7.7,190738.0,124.0,933.0,112.0,27709.0,21.0,6488.0
362,2020-10-27,2085.0,93671.0,,,,,7.7,193932.0,119.0,889.0,109.0,27597.0,14.0,6467.0
363,2020-10-26,2526.0,91586.0,,,,,7.7,198196.0,117.0,815.0,155.0,27488.0,12.0,6453.0
364,2020-10-25,1291.0,89060.0,,,,,7.4,200971.0,111.0,762.0,118.0,27333.0,11.0,6441.0
365,2020-10-24,1435.0,87769.0,,,,,7.4,201506.0,98.0,722.0,108.0,27215.0,18.0,6430.0
366,2020-10-23,2004.0,86334.0,,,,,7.3,199883.0,99.0,698.0,125.0,27107.0,6.0,6412.0
367,2020-10-22,2170.0,84330.0,,,,,7.1,198845.0,81.0,606.0,108.0,26982.0,11.0,6406.0
368,2020-10-21,2348.0,82160.0,,,,,6.9,198340.0,90.0,633.0,114.0,26874.0,15.0,6395.0
369,2020-10-20,2319.0,79812.0,,,,,6.6,195603.0,88.0,610.0,89.0,26760.0,7.0,6380.0
370,2020-10-19,2337.0,77493.0,,,,,6.2,193147.0,89.0,594.0,90.0,26671.0,11.0,6373.0
371,2020-10-18,1297.0,75156.0,,,,,5.9,189751.0,87.0,542.0,95.0,26581.0,6.0,6362.0
372,2020-10-17,1107.0,73859.0,,,,,5.7,187266.0,83.0,502.0,87.0,26486.0,4.0,6356.0
373,2020-10-16,1656.0,72752.0,,,,,5.6,185958.0,80.0,490.0,67.0,26399.0,7.0,6352.0
374,2020-10-15,1720.0,71096.0,,,,,5.5,183522.0,78.0,439.0,78.0,26332.0,12.0,6345.0
375,2020-10-14,1623.0,69376.0,,,,,5.3,182360.0,77.0,430.0,76.0,26254.0,4.0,6333.0
376,2020-10-13,1430.0,67753.0,,,,,5.2,182442.0,66.0,442.0,73.0,26178.0,5.0,6329.0
377,2020-10-12,1576.0,66323.0,,,,,5.1,181962.0,65.0,389.0,69.0,26105.0,6.0,6324.0
378,2020-10-11,743.0,64747.0,,,,,4.9,181198.0,57.0,365.0,50.0,26036.0,4.0,6318.0
379,2020-10-10,877.0,64004.0,,,,,4.9,182570.0,52.0,341.0,51.0,25986.0,5.0,6314.0
380,2020-10-09,1351.0,63127.0,,,,,4.8,184163.0,50.0,348.0,55.0,25935.0,7.0,6309.0
381,2020-10-08,1487.0,61776.0,,,,,4.7,182252.0,51.0,343.0,39.0,25880.0,5.0,6302.0
382,2020-10-07,1419.0,60289.0,,,,,4.6,178147.0,59.0,350.0,46.0,25841.0,6.0,6297.0
383,2020-10-06,1178.0,58870.0,,,,,4.4,174475.0,60.0,320.0,43.0,25795.0,5.0,6291.0
384,2020-10-05,1296.0,57692.0,,,,,4.2,171555.0,56.0,326.0,47.0,25752.0,9.0,6286.0
385,2020-10-04,825.0,56396.0,,,,,3.9,168937.0,50.0,287.0,27.0,25705.0,2.0,6277.0
386,2020-10-03,792.0,55571.0,,,,,3.8,168256.0,56.0,280.0,38.0,25678.0,2.0,6275.0
387,2020-10-02,1039.0,54779.0,,,,,3.6,165877.0,56.0,276.0,37.0,25640.0,3.0,6273.0
388,2020-10-01,1077.0,53740.0,,,,,3.4,162547.0,49.0,275.0,50.0,25603.0,5.0,6270.0
389,2020-09-30,993.0,52663.0,,,,,3.2,159283.0,49.0,278.0,31.0,25553.0,6.0,6265.0
390,2020-09-29,705.0,51670.0,,,,,3.0,157294.0,50.0,275.0,36.0,25522.0,9.0,6259.0
391,2020-09-28,746.0,50965.0,,,,,2.9,157976.0,48.0,267.0,28.0,25486.0,5.0,6250.0
392,2020-09-27,529.0,50219.0,,,,,2.7,155197.0,48.0,224.0,23.0,25458.0,1.0,6245.0
393,2020-09-26,548.0,49690.0,,,,,2.6,153586.0,38.0,200.0,28.0,25435.0,1.0,6244.0
394,2020-09-25,603.0,49142.0,,,,,2.5,150115.0,47.0,230.0,36.0,25407.0,1.0,6243.0
395,2020-09-24,598.0,48539.0,,,,,2.4,146351.0,40.0,219.0,47.0,25371.0,2.0,6242.0
396,2020-09-23,657.0,47941.0,,,,,2.3,141939.0,35.0,210.0,36.0,25324.0,7.0,6240.0
397,2020-09-22,521.0,47284.0,,,,,2.1,138438.0,37.0,210.0,35.0,25288.0,6.0,6233.0
398,2020-09-21,427.0,46763.0,,,,,1.9,136007.0,31.0,190.0,44.0,25253.0,4.0,6227.0
399,2020-09-20,409.0,46336.0,,,,,1.9,134030.0,32.0,171.0,38.0,25209.0,4.0,6223.0
400,2020-09-19,338.0,45927.0,,,,,1.7,130373.0,32.0,161.0,32.0,25171.0,3.0,6219.0
401,2020-09-18,387.0,45589.0,,,,,1.6,130404.0,25.0,150.0,41.0,25139.0,1.0,6216.0
402,2020-09-17,323.0,45202.0,,,,,1.6,130545.0,25.0,147.0,28.0,25098.0,4.0,6215.0
403,2020-09-16,292.0,44879.0,,,,,1.6,131954.0,26.0,137.0,25.0,25070.0,2.0,6211.0
404,2020-09-15,269.0,44587.0,,,,,1.6,131624.0,26.0,136.0,26.0,25045.0,1.0,6209.0
405,2020-09-14,296.0,44318.0,,,,,1.7,131680.0,21.0,123.0,31.0,25019.0,0.0,6208.0
406,2020-09-13,114.0,44022.0,,,,,1.8,135401.0,16.0,100.0,23.0,24988.0,0.0,6208.0
407,2020-09-12,229.0,43908.0,,,,,1.8,136928.0,12.0,98.0,19.0,24965.0,0.0,6208.0
408,2020-09-11,333.0,43679.0,,,,,1.9,137600.0,15.0,115.0,13.0,24946.0,3.0,6208.0
409,2020-09-10,391.0,43346.0,,,,,1.9,136810.0,14.0,98.0,19.0,24933.0,2.0,6205.0
410,2020-09-09,345.0,42955.0,,,,,1.9,136759.0,16.0,96.0,17.0,24914.0,0.0,6203.0
411,2020-09-08,343.0,42610.0,,,,,1.8,137999.0,15.0,100.0,11.0,24897.0,0.0,6203.0
412,2020-09-07,463.0,42267.0,,,,,1.8,140673.0,13.0,98.0,5.0,24886.0,0.0,6203.0
413,2020-09-06,203.0,41804.0,,,,,1.7,130267.0,13.0,87.0,12.0,24881.0,2.0,6203.0
414,2020-09-05,272.0,41601.0,,,,,1.7,130060.0,11.0,90.0,23.0,24869.0,0.0,6201.0
415,2020-09-04,356.0,41329.0,,,,,1.6,127791.0,12.0,86.0,11.0,24846.0,0.0,6201.0
416,2020-09-03,347.0,40973.0,,,,,1.6,123805.0,12.0,87.0,15.0,24835.0,1.0,6201.0
417,2020-09-02,333.0,40626.0,,,,,1.5,120633.0,13.0,84.0,11.0,24820.0,1.0,6200.0
418,2020-09-01,314.0,40293.0,,,,,1.4,119209.0,14.0,88.0,6.0,24809.0,0.0,6199.0
419,2020-08-31,216.0,39979.0,,,,,1.3,116246.0,14.0,81.0,6.0,24803.0,1.0,6199.0
420,2020-08-30,133.0,39763.0,,,,,1.2,124669.0,13.0,78.0,6.0,24797.0,0.0,6198.0
421,2020-08-29,139.0,39630.0,,,,,1.2,124660.0,15.0,73.0,6.0,24791.0,0.0,6198.0
422,2020-08-28,220.0,39491.0,,,,,1.2,124933.0,12.0,82.0,11.0,24785.0,0.0,6198.0
423,2020-08-27,229.0,39271.0,,,,,1.1,127654.0,16.0,86.0,5.0,24774.0,0.0,6198.0
424,2020-08-26,165.0,39042.0,,,,,1.1,130602.0,16.0,83.0,5.0,24769.0,0.0,6198.0
425,2020-08-25,170.0,38877.0,,,,,1.1,131555.0,16.0,81.0,9.0,24764.0,1.0,6198.0
426,2020-08-24,195.0,38707.0,,,,,1.1,130795.0,15.0,85.0,6.0,24755.0,0.0,6197.0
427,2020-08-23,145.0,38512.0,,,,,1.1,129925.0,20.0,84.0,8.0,24749.0,0.0,6197.0
428,2020-08-22,119.0,38367.0,,,,,1.0,129374.0,18.0,79.0,3.0,24741.0,1.0,6197.0
429,2020-08-21,167.0,38248.0,,,,,1.0,128330.0,16.0,84.0,5.0,24738.0,0.0,6196.0
430,2020-08-20,204.0,38081.0,,,,,1.0,123963.0,15.0,89.0,6.0,24733.0,1.0,6196.0
431,2020-08-19,153.0,37877.0,,,,,1.0,119195.0,15.0,90.0,7.0,24727.0,0.0,6195.0
432,2020-08-18,181.0,37724.0,,,,,1.0,114673.0,19.0,98.0,6.0,24720.0,1.0,6195.0
433,2020-08-17,189.0,37543.0,,,,,1.0,112585.0,19.0,107.0,2.0,24714.0,2.0,6194.0
434,2020-08-16,88.0,37354.0,,,,,1.0,110127.0,19.0,100.0,7.0,24712.0,0.0,6192.0
435,2020-08-15,107.0,37266.0,,,,,1.0,108836.0,15.0,100.0,4.0,24705.0,0.0,6192.0
436,2020-08-14,126.0,37159.0,,,,,0.9,106875.0,15.0,103.0,8.0,24701.0,0.0,6192.0
437,2020-08-13,124.0,37033.0,,,,,0.9,105302.0,15.0,104.0,9.0,24693.0,2.0,6192.0
438,2020-08-12,161.0,36909.0,,,,,0.9,104747.0,17.0,111.0,5.0,24684.0,0.0,6190.0
439,2020-08-11,149.0,36748.0,,,,,0.8,104112.0,13.0,105.0,18.0,24679.0,1.0,6190.0
440,2020-08-10,143.0,36599.0,,,,,0.8,102538.0,12.0,107.0,9.0,24661.0,1.0,6189.0
441,2020-08-09,67.0,36456.0,,,,,0.8,101205.0,12.0,107.0,10.0,24652.0,0.0,6188.0
442,2020-08-08,55.0,36389.0,,,,,0.8,102613.0,10.0,126.0,2.0,24642.0,1.0,6188.0
443,2020-08-07,121.0,36334.0,,,,,0.8,103113.0,10.0,105.0,7.0,24640.0,0.0,6187.0
444,2020-08-06,105.0,36213.0,,,,,0.7,101625.0,11.0,113.0,7.0,24633.0,0.0,6187.0
445,2020-08-05,113.0,36108.0,,,,,0.7,101390.0,13.0,111.0,12.0,24626.0,0.0,6187.0
446,2020-08-04,105.0,35995.0,,,,,0.7,101284.0,15.0,118.0,5.0,24614.0,0.0,6187.0
447,2020-08-03,88.0,35890.0,,,,,0.7,101979.0,17.0,122.0,2.0,24609.0,0.0,6187.0
448,2020-08-02,75.0,35802.0,,,,,0.7,102136.0,15.0,120.0,10.0,24607.0,1.0,6187.0
449,2020-08-01,58.0,35727.0,,,,,0.7,101270.0,16.0,126.0,5.0,24597.0,2.0,6186.0
450,2020-07-31,73.0,35669.0,,,,,0.7,100334.0,18.0,128.0,2.0,24592.0,2.0,6184.0
451,2020-07-30,102.0,35596.0,,,,,0.7,99299.0,19.0,134.0,5.0,24590.0,0.0,6182.0
452,2020-07-29,99.0,35494.0,,,,,0.7,96587.0,17.0,131.0,11.0,24585.0,0.0,6182.0
453,2020-07-28,100.0,35395.0,,,,,0.7,93922.0,17.0,127.0,7.0,24574.0,0.0,6182.0
454,2020-07-27,100.0,35295.0,,,,,0.6,93074.0,19.0,133.0,10.0,24567.0,1.0,6182.0
455,2020-07-26,65.0,35195.0,,,,,0.7,90209.0,18.0,139.0,9.0,24557.0,0.0,6181.0
456,2020-07-25,56.0,35130.0,,,,,0.6,89678.0,17.0,108.0,5.0,24548.0,0.0,6181.0
457,2020-07-24,83.0,35074.0,,,,,0.6,88604.0,21.0,147.0,15.0,24543.0,0.0,6181.0
458,2020-07-23,70.0,34991.0,,,,,0.6,87736.0,25.0,165.0,14.0,24528.0,2.0,6181.0
459,2020-07-22,80.0,34921.0,,,,,0.6,88036.0,25.0,173.0,11.0,24514.0,0.0,6179.0
460,2020-07-21,81.0,34841.0,,,,,0.6,89162.0,29.0,175.0,11.0,24503.0,0.0,6179.0
461,2020-07-20,98.0,34760.0,,,,,0.6,88712.0,30.0,180.0,14.0,24492.0,0.0,6179.0
462,2020-07-19,41.0,34662.0,,,,,0.6,88469.0,32.0,179.0,7.0,24478.0,0.0,6179.0
463,2020-07-18,47.0,34621.0,,,,,0.6,87146.0,29.0,179.0,5.0,24471.0,0.0,6179.0
464,2020-07-17,48.0,34574.0,,,,,0.6,85715.0,29.0,187.0,18.0,24466.0,2.0,6179.0
465,2020-07-16,70.0,34526.0,,,,,0.6,83850.0,28.0,191.0,24.0,24448.0,0.0,6177.0
466,2020-07-15,76.0,34456.0,,,,,0.5,81823.0,30.0,212.0,22.0,24424.0,1.0,6177.0
467,2020-07-14,62.0,34380.0,,,,,0.5,79419.0,35.0,229.0,19.0,24402.0,0.0,6176.0
468,2020-07-13,85.0,34318.0,,,,,0.6,77844.0,34.0,247.0,18.0,24383.0,1.0,6176.0
469,2020-07-12,38.0,34233.0,,,,,0.5,75372.0,37.0,247.0,16.0,24365.0,1.0,6175.0
470,2020-07-11,19.0,34195.0,,,,,0.6,74635.0,38.0,206.0,17.0,24349.0,3.0,6174.0
471,2020-07-10,40.0,34176.0,,,,,0.6,74385.0,39.0,255.0,26.0,24332.0,0.0,6171.0
472,2020-07-09,55.0,34136.0,,,,,0.6,72763.0,45.0,265.0,27.0,24306.0,2.0,6171.0
473,2020-07-08,57.0,34081.0,,,,,0.6,71096.0,45.0,269.0,30.0,24279.0,3.0,6169.0
474,2020-07-07,60.0,34024.0,,,,,0.6,69251.0,48.0,284.0,26.0,24249.0,1.0,6166.0
475,2020-07-06,54.0,33964.0,,,,,0.6,68012.0,52.0,291.0,30.0,24223.0,2.0,6165.0
476,2020-07-05,51.0,33910.0,,,,,0.6,67916.0,47.0,288.0,23.0,24193.0,3.0,6163.0
477,2020-07-04,32.0,33859.0,,,,,0.5,67631.0,51.0,293.0,16.0,24170.0,1.0,6160.0
478,2020-07-03,38.0,33827.0,,,,,0.6,66893.0,51.0,316.0,20.0,24154.0,1.0,6159.0
479,2020-07-02,40.0,33789.0,,,,,0.6,65525.0,54.0,320.0,27.0,24134.0,2.0,6158.0
480,2020-07-01,42.0,33749.0,,,,,0.6,62725.0,59.0,334.0,53.0,24107.0,1.0,6156.0
481,2020-06-30,52.0,33707.0,,,,,0.7,59527.0,66.0,386.0,28.0,24054.0,1.0,6155.0
482,2020-06-29,58.0,33655.0,,,,,0.7,56619.0,62.0,398.0,20.0,24026.0,1.0,6154.0
483,2020-06-28,22.0,33597.0,,,,,0.7,52506.0,63.0,392.0,18.0,24006.0,1.0,6153.0
484,2020-06-27,32.0,33575.0,,,,,0.8,51586.0,62.0,408.0,29.0,23988.0,0.0,6152.0
485,2020-06-26,48.0,33543.0,,,,,0.8,50688.0,67.0,423.0,39.0,23959.0,0.0,6152.0
486,2020-06-25,57.0,33495.0,,,,,0.8,49364.0,67.0,439.0,47.0,23920.0,1.0,6152.0
487,2020-06-24,46.0,33438.0,,,,,0.8,48940.0,77.0,477.0,51.0,23873.0,4.0,6151.0
488,2020-06-23,50.0,33392.0,,,,,0.8,48527.0,80.0,452.0,69.0,23822.0,0.0,6147.0
489,2020-06-22,51.0,33342.0,,,,,0.8,48587.0,75.0,453.0,60.0,23753.0,3.0,6147.0
490,2020-06-21,27.0,33291.0,,,,,0.7,49078.0,69.0,446.0,25.0,23693.0,2.0,6144.0
491,2020-06-20,29.0,33264.0,,,,,0.8,49418.0,71.0,466.0,19.0,23668.0,2.0,6142.0
492,2020-06-19,37.0,33235.0,,,,,0.8,50080.0,72.0,466.0,47.0,23649.0,2.0,6140.0
493,2020-06-18,46.0,33198.0,,,,,0.8,50488.0,83.0,494.0,50.0,23602.0,0.0,6138.0
494,2020-06-17,43.0,33152.0,,,,,0.8,51231.0,84.0,508.0,56.0,23552.0,1.0,6138.0
495,2020-06-16,46.0,33109.0,,,,,0.8,52532.0,97.0,539.0,56.0,23496.0,1.0,6137.0
496,2020-06-15,41.0,33063.0,,,,,0.8,54453.0,98.0,503.0,49.0,23440.0,3.0,6136.0
497,2020-06-14,31.0,33022.0,,,,,0.8,54664.0,100.0,531.0,22.0,23391.0,2.0,6133.0
498,2020-06-13,39.0,32991.0,,,,,0.9,54788.0,100.0,540.0,20.0,23369.0,1.0,6131.0
499,2020-06-12,54.0,32952.0,,,,,0.9,55161.0,100.0,568.0,30.0,23349.0,5.0,6130.0
500,2020-06-11,47.0,32898.0,,,,,0.9,55755.0,100.0,620.0,32.0,23319.0,5.0,6125.0
501,2020-06-10,52.0,32851.0,,,,,0.9,55651.0,115.0,675.0,41.0,23287.0,5.0,6120.0
502,2020-06-09,71.0,32799.0,,,,,1.0,54832.0,129.0,707.0,35.0,23246.0,2.0,6115.0
503,2020-06-08,57.0,32728.0,,,,,1.0,52964.0,134.0,701.0,69.0,23211.0,8.0,6113.0
504,2020-06-07,45.0,32671.0,,,,,1.1,52282.0,134.0,691.0,56.0,23142.0,5.0,6105.0
505,2020-06-06,47.0,32626.0,,,,,1.1,51561.0,140.0,707.0,46.0,23086.0,3.0,6100.0
506,2020-06-05,45.0,32579.0,,,,,1.1,50436.0,137.0,783.0,50.0,23040.0,2.0,6097.0
507,2020-06-04,58.0,32534.0,,,,,1.1,48563.0,139.0,795.0,58.0,22990.0,6.0,6095.0
508,2020-06-03,79.0,32476.0,,,,,1.2,47610.0,148.0,813.0,68.0,22932.0,6.0,6089.0
509,2020-06-02,49.0,32397.0,,,,,1.3,46843.0,159.0,855.0,51.0,22864.0,7.0,6083.0
510,2020-06-01,50.0,32348.0,,,,,1.4,45699.0,170.0,862.0,48.0,22813.0,5.0,6076.0
511,2020-05-31,38.0,32298.0,,,,,1.4,43123.0,197.0,891.0,42.0,22765.0,5.0,6071.0
512,2020-05-30,39.0,32260.0,,,,,1.5,43195.0,213.0,915.0,30.0,22723.0,7.0,6066.0
513,2020-05-29,56.0,32221.0,,,,,1.6,43307.0,207.0,1002.0,51.0,22693.0,5.0,6059.0
514,2020-05-28,75.0,32165.0,,,,,1.6,44073.0,222.0,1029.0,57.0,22642.0,9.0,6054.0
515,2020-05-27,84.0,32090.0,,,,,1.8,45131.0,228.0,1091.0,69.0,22585.0,8.0,6045.0
516,2020-05-26,66.0,32006.0,,,,,1.9,46248.0,268.0,1144.0,67.0,22516.0,11.0,6037.0
517,2020-05-25,58.0,31940.0,,,,,1.9,48550.0,276.0,1174.0,49.0,22449.0,9.0,6026.0
518,2020-05-24,52.0,31882.0,,,,,2.0,50877.0,271.0,1160.0,41.0,22400.0,6.0,6017.0
519,2020-05-23,65.0,31830.0,,,,,2.1,50908.0,272.0,1165.0,43.0,22359.0,6.0,6011.0
520,2020-05-22,81.0,31765.0,,,,,2.1,50850.0,287.0,1240.0,77.0,22316.0,8.0,6005.0
521,2020-05-21,156.0,31684.0,,,,,2.2,50304.0,307.0,1224.0,76.0,22239.0,12.0,5997.0
522,2020-05-20,142.0,31528.0,,,,,2.3,49104.0,313.0,1247.0,71.0,22163.0,16.0,5985.0
523,2020-05-19,129.0,31386.0,,,,,2.4,48883.0,333.0,1390.0,89.0,22092.0,20.0,5969.0
524,2020-05-18,113.0,31257.0,,,,,2.6,48595.0,349.0,1496.0,74.0,22003.0,13.0,5949.0
525,2020-05-17,78.0,31144.0,,,,,2.8,48631.0,374.0,1454.0,51.0,21929.0,14.0,5936.0
526,2020-05-16,72.0,31066.0,,,,,2.9,48923.0,384.0,1552.0,59.0,21878.0,10.0,5922.0
527,2020-05-15,132.0,30994.0,,,,,3.0,48661.0,405.0,1625.0,77.0,21819.0,18.0,5912.0
528,2020-05-14,158.0,30862.0,,,,,3.1,47970.0,395.0,1667.0,91.0,21742.0,17.0,5894.0
529,2020-05-13,204.0,30704.0,,,,,3.4,49255.0,413.0,1777.0,91.0,21651.0,12.0,5877.0
530,2020-05-12,194.0,30500.0,,,,,3.6,48937.0,425.0,1827.0,80.0,21560.0,15.0,5865.0
531,2020-05-11,161.0,30306.0,,,,,3.7,46454.0,457.0,1880.0,91.0,21480.0,23.0,5850.0
532,2020-05-10,125.0,30145.0,,,,,3.9,44898.0,466.0,1889.0,86.0,21389.0,27.0,5827.0
533,2020-05-09,128.0,30020.0,,,,,4.1,44750.0,516.0,1971.0,85.0,21303.0,25.0,5800.0
534,2020-05-08,207.0,29892.0,,,,,4.2,46543.0,531.0,1955.0,99.0,21218.0,30.0,5775.0
535,2020-05-07,273.0,29685.0,,,,,4.2,48969.0,565.0,2086.0,202.0,21119.0,28.0,5745.0
536,2020-05-06,266.0,29412.0,,,,,4.3,50540.0,580.0,2154.0,216.0,20917.0,43.0,5717.0
537,2020-05-05,217.0,29146.0,,,,,4.6,51366.0,565.0,2270.0,178.0,20701.0,34.0,5674.0
538,2020-05-04,249.0,28929.0,,,,,4.9,50836.0,587.0,2328.0,169.0,20523.0,37.0,5640.0
539,2020-05-03,169.0,28680.0,,,,,5.4,50145.0,638.0,2390.0,157.0,20354.0,43.0,5603.0
540,2020-05-02,247.0,28511.0,,,,,5.7,47186.0,678.0,2432.0,150.0,20197.0,52.0,5560.0
541,2020-05-01,354.0,28264.0,,,,,6.2,42872.0,712.0,2596.0,201.0,20047.0,42.0,5508.0
542,2020-04-30,424.0,27910.0,,,,,7.2,36567.0,723.0,2703.0,183.0,19846.0,45.0,5466.0
543,2020-04-29,428.0,27486.0,,,,,9.4,29587.0,733.0,2811.0,212.0,19663.0,52.0,5421.0
544,2020-04-28,313.0,27058.0,,,,,11.7,22736.0,755.0,2794.0,248.0,19451.0,58.0,5369.0
545,2020-04-27,418.0,26745.0,,,,,13.9,19928.0,800.0,3117.0,261.0,19203.0,54.0,5311.0
546,2020-04-26,311.0,26327.0,,,,,16.1,17120.0,831.0,3115.0,187.0,18942.0,62.0,5257.0
547,2020-04-25,333.0,26016.0,,,,,17.9,16083.0,868.0,3198.0,137.0,18755.0,58.0,5195.0
548,2020-04-24,378.0,25683.0,,,,,19.1,15704.0,836.0,3281.0,171.0,18618.0,75.0,5137.0
549,2020-04-23,521.0,25305.0,,,,,21.3,15149.0,897.0,3510.0,266.0,18447.0,80.0,5062.0
550,2020-04-22,397.0,24784.0,,,,,23.1,13812.0,927.0,3768.0,225.0,18181.0,110.0,4982.0
551,2020-04-21,463.0,24387.0,,,,,25.1,13426.0,972.0,3922.0,288.0,17956.0,105.0,4872.0
552,2020-04-20,433.0,23924.0,,,,,27.4,12943.0,1019.0,3940.0,308.0,17668.0,97.0,4767.0
553,2020-04-19,395.0,23491.0,,,,,29.1,12425.0,991.0,4021.0,290.0,17360.0,116.0,4670.0
554,2020-04-18,400.0,23096.0,,,,,30.7,12408.0,992.0,3993.0,283.0,17070.0,118.0,4554.0
555,2020-04-17,579.0,22696.0,,,,,32.3,12161.0,982.0,4219.0,358.0,16787.0,110.0,4436.0
556,2020-04-16,575.0,22117.0,,,,,34.6,11530.0,1012.0,4395.0,388.0,16429.0,138.0,4326.0
557,2020-04-15,660.0,21542.0,,,,,37.3,11445.0,1023.0,4509.0,412.0,16041.0,147.0,4188.0
558,2020-04-14,596.0,20882.0,,,,,39.6,11318.0,1026.0,4621.0,447.0,15629.0,143.0,4041.0
559,2020-04-13,596.0,20286.0,,,,,41.0,11905.0,1046.0,4799.0,416.0,15182.0,170.0,3898.0
560,2020-04-12,500.0,19690.0,,,,,42.4,12255.0,1035.0,4931.0,384.0,14766.0,170.0,3728.0
561,2020-04-11,519.0,19190.0,,,,,43.7,12242.0,1035.0,4910.0,490.0,14382.0,164.0,3558.0
562,2020-04-10,616.0,18671.0,,,,,44.7,12654.0,1057.0,5168.0,531.0,13892.0,174.0,3394.0
563,2020-04-09,801.0,18055.0,,,,,45.9,13016.0,849.0,5201.0,554.0,13361.0,199.0,3220.0
564,2020-04-08,875.0,17254.0,,,,,47.5,13102.0,941.0,5198.0,744.0,12807.0,232.0,3021.0
565,2020-04-07,951.0,16379.0,,,,,49.2,12771.0,876.0,5025.0,722.0,12063.0,221.0,2789.0
566,2020-04-06,857.0,15428.0,,,,,49.3,12830.0,914.0,5058.0,743.0,11341.0,197.0,2568.0
567,2020-04-05,632.0,14571.0,,,,,49.8,12793.0,800.0,4869.0,732.0,10598.0,196.0,2371.0
568,2020-04-04,765.0,13939.0,,,,,50.4,12565.0,824.0,4691.0,733.0,9866.0,225.0,2175.0
569,2020-04-03,982.0,13174.0,,,,,51.0,12067.0,759.0,4092.0,647.0,9133.0,192.0,1950.0
570,2020-04-02,1067.0,12192.0,,,,,51.1,11711.0,673.0,4168.0,835.0,8486.0,194.0,1758.0
571,2020-04-01,979.0,11125.0,,,,,50.7,11256.0,,4219.0,767.0,7651.0,189.0,1564.0
572,2020-03-31,935.0,10146.0,,,,,50.6,10672.0,,4073.0,645.0,6884.0,180.0,1375.0
573,2020-03-30,868.0,9211.0,,,,,49.8,10196.0,,3638.0,883.0,6239.0,150.0,1195.0
574,2020-03-29,594.0,8343.0,,,,,49.4,9757.0,,3464.0,672.0,5356.0,143.0,1045.0
575,2020-03-28,576.0,7749.0,,,,,48.4,9532.0,,3114.0,551.0,4684.0,119.0,902.0
576,2020-03-27,817.0,7173.0,,,,,47.5,9221.0,,2829.0,639.0,4133.0,127.0,783.0
577,2020-03-26,764.0,6356.0,,,,,46.3,8513.0,,2244.0,519.0,3494.0,122.0,656.0
578,2020-03-25,759.0,5592.0,,,,,43.4,8009.0,,2051.0,675.0,2975.0,119.0,534.0
579,2020-03-24,632.0,4833.0,,,,,40.7,7623.0,,1705.0,637.0,2300.0,87.0,415.0
580,2020-03-23,687.0,4201.0,,,,,38.4,7164.0,,1559.0,505.0,1663.0,56.0,328.0
581,2020-03-22,438.0,3514.0,,,,,35.1,6684.0,,1266.0,335.0,1158.0,53.0,272.0
582,2020-03-21,350.0,3076.0,,,,,32.8,6427.0,,1081.0,311.0,823.0,46.0,219.0
583,2020-03-20,426.0,2726.0,,,,,30.7,6323.0,,841.0,272.0,512.0,46.0,173.0
584,2020-03-19,330.0,2300.0,,,,,27.1,6317.0,,,240.0,240.0,25.0,127.0
585,2020-03-18,355.0,1970.0,,,,,24.8,6280.0,,,,,26.0,102.0
586,2020-03-17,311.0,1615.0,,,,,22.1,6058.0,,,,,23.0,76.0
587,2020-03-16,233.0,1304.0,,,,,19.0,5640.0,,,,,16.0,53.0
588,2020-03-15,165.0,1071.0,,,,,16.9,5151.0,,,,,8.0,37.0
589,2020-03-14,150.0,906.0,,,,,15.5,4757.0,,,,,11.0,29.0
590,2020-03-13,135.0,756.0,,,,,13.9,4191.0,,,,,6.0,18.0
591,2020-03-12,165.0,621.0,,,,,12.4,3614.0,,,,,6.0,12.0
592,2020-03-11,183.0,456.0,,,,,10.7,3071.0,,,,,3.0,6.0
593,2020-03-10,92.0,273.0,,,,,7.8,2558.0,,,,,1.0,3.0
594,2020-03-09,53.0,181.0,,,,,5.9,2244.0,,,,,2.0,2.0
595,2020-03-08,22.0,128.0,,,,,4.6,2098.0,,,,,,
596,2020-03-07,15.0,106.0,,,,,4.0,2126.0,,,,,,
597,2020-03-06,24.0,91.0,,,,,3.5,2069.0,,,,,,
598,2020-03-05,14.0,67.0,,,,,2.9,2002.0,,,,,,
599,2020-03-04,18.0,53.0,,,,,2.4,1890.0,,,,,,
600,2020-03-03,6.0,35.0,,,,,1.7,1702.0,,,,,,
601,2020-03-02,12.0,29.0,,,,,1.8,1483.0,,,,,,
602,2020-03-01,4.0,17.0,,,,,1.3,1259.0,,,,,,
603,2020-02-29,1.0,13.0,,,,,1.5,919.0,,,,,,
604,2020-02-28,3.0,12.0,,,,,1.7,706.0,,,,,,
605,2020-02-27,2.0,9.0,,,,,1.8,452.0,,,,,,
606,2020-02-26,2.0,7.0,,,,,1.7,301.0,,,,,,
607,2020-02-25,3.0,5.0,,,,,1.1,269.0,,,,,,
608,2020-02-24,1.0,2.0,,,,,0.4,283.0,,,,,,
609,2020-02-23,0.0,1.0,,,,,0.3,308.0,,,,,,
610,2020-02-22,0.0,1.0,,,,,0.3,321.0,,,,,,
611,2020-02-21,0.0,1.0,,,,,0.3,343.0,,,,,,
612,2020-02-20,0.0,1.0,,,,,0.3,366.0,,,,,,
613,2020-02-19,0.0,1.0,,,,,0.5,408.0,,,,,,
614,2020-02-18,0.0,1.0,,,,,0.5,424.0,,,,,,
615,2020-02-17,0.0,1.0,,,,,1.1,437.0,,,,,,
616,2020-02-16,0.0,1.0,,,,,1.2,428.0,,,,,,
617,2020-02-15,0.0,1.0,,,,,1.2,404.0,,,,,,
618,2020-02-14,0.0,1.0,,,,,1.2,403.0,,,,,,
619,2020-02-13,0.0,1.0,,,,,1.5,335.0,,,,,,
620,2020-02-12,0.0,1.0,,,,,1.5,275.0,,,,,,
621,2020-02-11,1.0,1.0,,,,,1.4,217.0,,,,,,
622,2020-02-10,,,,,,,-999.0,182.0,,,,,,
623,2020-02-09,,,,,,,-999.0,132.0,,,,,,
624,2020-02-08,,,,,,,-999.0,82.0,,,,,,
625,2021-10-25,,,,,,,,,156.0,1044.0,,,,
